"tartaric_acid","acetic_acid","citric_acid","residual_sugar","sodium_chloride","total_sulfur_dioxide","density","potassium_sulphate","alcohol","quality"
7,0.27,0.36,20.7,0.045,170,1.001,0.45,8.8,6
8.1,0.28,0.4,6.9,0.05,97,0.9951,0.44,10.1,6
7.2,0.23,0.32,8.5,0.058,186,0.9956,0.4,9.9,6
8.1,0.22,0.43,1.5,0.044,129,0.9938,0.45,11,6
8.6,0.23,0.4,4.2,0.035,109,0.9947,0.53,9.7,5
6.2,0.66,0.48,1.2,0.029,75,0.9892,0.39,12.8,8
6.4,0.31,0.38,2.9,0.038,102,0.9912,0.35,11,7
6.8,0.26,0.42,1.7,0.049,122,0.993,0.48,10.5,8
7.6,0.67,0.14,1.5,0.074,168,0.9937,0.51,9.3,5
6.6,0.27,0.41,1.3,0.052,142,0.9951,0.47,10,6
6.9,0.24,0.35,1,0.052,146,0.993,0.44,10,6
7.4,0.27,0.48,1.1,0.047,132,0.9914,0.49,11.6,6
7.2,0.32,0.36,2,0.033,114,0.9906,0.71,12.3,7
8.5,0.24,0.39,10.4,0.044,142,0.9974,0.53,10,6
7,0.33,0.32,1.2,0.053,138,0.9906,0.28,11.2,6
7.3,0.24,0.39,17.95,0.057,149,0.9999,0.36,8.6,5
6.7,0.23,0.26,1.4,0.06,154,0.9934,0.56,9.5,6
7,0.31,0.26,7.4,0.069,160,0.9954,0.46,9.8,6
6.9,0.19,0.35,5,0.067,150,0.995,0.48,9.8,5
7.2,0.19,0.31,1.6,0.062,173,0.9917,0.44,11.7,6
6.6,0.25,0.29,1.1,0.068,124,0.9914,0.58,11,7
6.9,0.25,0.35,1.3,0.039,191,0.9908,0.52,11,6
6,0.19,0.26,12.4,0.048,147,0.9972,0.36,8.9,6
7.2,0.24,0.27,1.4,0.038,122,0.9927,0.46,10.3,6
6.4,0.26,0.24,6.4,0.04,124,0.9903,0.49,12.6,7
6,0.27,0.28,4.8,0.063,201,0.9964,0.71,10,5
7,0.32,0.34,1.3,0.042,69,0.9912,0.65,12,7
7.1,0.34,0.2,6.1,0.063,164,0.9946,0.42,10,5
7.1,0.44,0.62,11.8,0.044,152,0.9975,0.46,8.7,6
7.1,0.44,0.62,11.8,0.044,152,0.9975,0.46,8.7,6
6.9,0.21,0.33,1.8,0.034,136,0.9899,0.41,12.6,7
7.1,0.26,0.29,12.4,0.044,240,0.9969,0.42,9.2,6
6,0.34,0.66,15.9,0.046,164,0.9979,0.5,8.8,6
8.6,0.265,0.36,1.2,0.034,80,0.9913,0.36,11.4,7
7.3,0.13,0.32,14.4,0.051,109,0.9974,0.35,9.2,6
6.5,0.17,0.54,8.5,0.082,163,0.9959,0.39,8.8,6
6.7,0.41,0.34,9.2,0.049,150,0.9968,0.51,9.1,5
7.3,0.32,0.48,13.3,0.06,196,0.9982,0.5,9.2,5
7.4,0.16,0.31,6.85,0.059,131,0.9952,0.34,9.7,5
6.4,0.13,0.47,1.6,0.092,158,0.9928,0.36,9.8,6
7.4,0.39,0.23,7,0.033,126,0.994,0.42,10.5,5
5.7,0.26,0.25,10.4,0.02,57,0.994,0.37,10.6,5
6.6,0.24,0.27,15.8,0.035,188,0.9982,0.51,9.2,5
8.2,0.23,0.4,1.2,0.027,121,0.992,0.38,10.7,6
7.1,0.37,0.67,10.5,0.045,155,0.9975,0.44,8.7,5
6.8,0.19,0.36,1.9,0.035,96,0.9917,0.54,10.8,7
6.3,0.31,0.34,2.2,0.045,77,0.9927,0.43,10.2,5
8.5,0.21,0.41,4.3,0.036,99,0.9947,0.53,9.7,6
5.6,0.16,0.27,1.4,0.044,168,0.9918,0.37,10.1,6
7.9,0.22,0.38,8,0.043,152,0.9934,0.32,11.5,7
7.6,0.18,0.46,10.2,0.055,135,0.9968,0.43,9.9,6
8.2,0.23,0.4,7.5,0.049,76,0.9966,0.84,9.7,6
5.2,0.44,0.04,1.4,0.036,119,0.9894,0.33,12.1,8
6.7,0.24,0.35,13.1,0.05,205,0.997,0.5,9.5,5
7.9,0.19,0.45,1.5,0.045,96,0.9917,0.39,11,6
7.5,0.27,0.31,17.7,0.051,173,0.999,0.64,10.2,5
7.2,0.32,0.47,5.1,0.044,65,0.991,0.41,12.6,4
7.1,0.34,0.15,1.2,0.053,183,0.9936,0.43,9.2,5
6.4,0.29,0.44,3.6,0.2,181,0.9942,0.41,9.1,5
7.1,0.32,0.24,13.1,0.05,204,0.998,0.49,8.8,5
6.8,0.27,0.26,16.1,0.049,196,0.9984,0.5,9.3,5
5.8,0.28,0.35,2.3,0.053,114,0.9924,0.5,10.2,4
10.2,0.44,0.88,6.2,0.049,124,0.9968,0.51,9.9,4
6.1,0.4,0.31,0.9,0.048,170,0.993,0.77,9.5,6
7.2,0.685,0.21,9.5,0.07,172,0.9971,0.55,9.1,6
6.4,0.17,0.32,2.4,0.048,200,0.9938,0.5,9.7,6
7.2,0.23,0.38,14.3,0.058,194,0.9979,0.44,9,6
5.6,0.19,0.26,1.4,0.03,76,0.9905,0.37,10.9,7
6.1,0.41,0.14,10.4,0.037,119,0.996,0.45,10,5
6.7,0.26,0.39,1.1,0.04,147,0.9935,0.58,9.6,8
6.3,0.35,0.3,5.7,0.035,97,0.9927,0.41,11,7
6.9,0.28,0.4,8.2,0.036,95,0.9944,0.33,10.2,5
7.2,0.29,0.4,13.6,0.045,231,0.9977,0.59,9.6,6
6.9,0.29,0.4,19.45,0.043,156,0.9996,0.47,8.9,5
5.3,0.58,0.07,6.9,0.043,149,0.9944,0.57,9.7,5
6.6,0.19,0.41,8.9,0.046,169,0.9954,0.57,9.8,6
6.7,0.2,0.41,9.1,0.044,166,0.9954,0.58,9.8,6
7.7,0.26,0.4,1.1,0.042,60,0.9915,0.5,10.6,5
6.7,0.34,0.3,15.6,0.054,196,0.9982,0.49,9.3,5
7.1,0.35,0.24,15.4,0.055,198,0.9988,0.49,8.8,5
7.3,0.32,0.25,7.2,0.056,180,0.9961,0.47,8.8,5
6.5,0.28,0.33,15.7,0.053,190,0.9978,0.51,9.7,6
7.2,0.23,0.39,14.2,0.058,192,0.9979,0.48,9,7
7.2,0.23,0.39,14.2,0.058,192,0.9979,0.48,9,7
6.1,0.41,0,1.6,0.063,87,0.9914,0.67,10.8,6
7.2,0.43,0.24,6.7,0.058,163,0.995,0.41,9.9,5
7.3,0.4,0.24,6.7,0.058,166,0.995,0.41,9.9,6
5.8,0.34,0.21,6.6,0.04,167,0.9941,0.62,10,5
6.6,0.24,0.35,7.7,0.031,135,0.9938,0.37,10.5,5
6.1,0.125,0.25,3.3,0.04,69,0.9934,0.59,10.1,6
6.8,0.28,0.44,9.3,0.031,137,0.9946,0.36,10.4,6
7.5,0.27,0.31,5.8,0.057,313,0.9946,0.59,10.5,5
6.4,0.34,0.23,6.3,0.039,143,0.9944,0.65,10,6
7.2,0.21,0.41,1.3,0.036,85,0.992,0.51,10.4,5
6.8,0.24,0.34,4.6,0.032,135,0.9927,0.39,10.6,5
6.4,0.26,0.42,9.7,0.044,140,0.9962,0.47,9.1,6
7.8,0.18,0.46,13.6,0.052,118,0.998,0.5,10,6
7.3,0.33,0.4,6.85,0.038,138,0.992,0.3,11.9,7
5.5,0.335,0.3,2.5,0.071,128,0.9924,0.51,9.6,6
7.3,0.22,0.37,14.3,0.063,191,0.9978,0.38,9,6
6.1,0.36,0.33,1.1,0.05,169,0.9927,0.78,9.5,6
10,0.2,0.39,1.4,0.05,152,0.994,0.42,10.4,6
6.9,0.24,0.34,4.7,0.04,161,0.9935,0.59,10.6,6
7.1,0.365,0.14,1.2,0.055,84,0.9941,0.43,8.9,5
6.8,0.15,0.3,5.3,0.05,127,0.9942,0.39,9.7,6
7.3,0.22,0.37,14.3,0.063,191,0.9978,0.38,9,6
6,0.36,0.39,3.2,0.027,125,0.991,0.39,11.3,7
6.7,0.21,0.32,5.4,0.047,140,0.995,0.46,9.7,6
6.8,0.22,0.31,6.3,0.035,170,0.9918,0.66,12.6,6
8.2,0.28,0.42,1.8,0.031,93,0.9917,0.39,11.4,5
7.2,0.25,0.39,18.95,0.038,155,0.9999,0.47,9,6
7.2,0.19,0.39,1.2,0.036,85,0.9918,0.5,10.5,5
7.4,0.21,0.27,1.2,0.041,99,0.9927,0.33,9.8,6
7.4,0.31,0.28,1.6,0.05,137,0.9929,0.56,10.5,6
7,0.21,0.28,8.6,0.045,221,0.9954,0.54,10.4,6
7,0.21,0.28,8.6,0.045,221,0.9954,0.54,10.4,6
7,0.21,0.28,8.7,0.045,222,0.9954,0.54,10.4,6
6.8,0.29,0.5,13.3,0.053,194,0.9974,0.45,9.4,5
6.4,0.34,0.1,1.1,0.048,84,0.9927,0.38,9.8,5
6.1,0.28,0.32,2.5,0.042,218.5,0.9935,0.6,9.8,5
6.6,0.16,0.32,1.4,0.035,186,0.9906,0.64,12.4,8
7.1,0.32,0.32,11,0.038,66,0.9937,0.4,11.5,3
6.5,0.41,0.24,14,0.048,113,0.9982,0.53,9.8,6
6.5,0.41,0.24,14,0.048,113,0.9982,0.53,9.8,6
6.1,0.2,0.25,1.2,0.038,128,0.9921,0.44,10.1,5
6,0.37,0.32,1,0.053,218.5,0.9924,0.72,9.8,6
6.1,0.43,0.35,9.1,0.059,249,0.9971,0.5,8.5,5
6.8,0.32,0.21,2.2,0.044,68,0.9932,0.39,9.4,6
7.2,0.39,0.62,11,0.047,178,0.9976,0.5,8.7,5
7.2,0.29,0.53,18.15,0.047,182,0.9992,0.52,9.6,5
8.6,0.37,0.7,12.15,0.039,158,0.9983,0.73,9.3,6
6.5,0.38,0.34,3.4,0.036,200,0.9937,0.76,10,5
5.9,0.36,0.41,1.3,0.047,104,0.9917,0.51,10.6,6
7.8,0.19,0.26,8.9,0.039,182,0.996,0.46,9.9,6
5.7,0.335,0.34,1,0.04,174,0.992,0.66,10,5
7.2,0.28,0.54,16.7,0.045,200,0.999,0.49,9.5,6
6.4,0.3,0.3,2.25,0.038,210,0.9937,0.62,9.9,6
6.5,0.3,0.29,2.25,0.037,210,0.9937,0.62,9.9,5
7.8,0.18,0.31,12.2,0.053,140,0.998,0.53,8.9,6
7.3,0.51,0.26,3.3,0.09,135,0.9944,0.52,8.8,5
6,0.24,0.27,1.9,0.048,170,0.9938,0.54,10,7
7.2,0.34,0.34,12.6,0.048,41,0.9942,0.4,11.7,5
5.6,0.35,0.37,1,0.038,72,0.9902,0.34,11.4,5
7.2,0.31,0.46,5,0.04,29,0.9906,0.53,12.5,4
6.4,0.1,0.35,4.9,0.048,103,0.9947,0.79,9.7,6
7.4,0.25,0.36,13.2,0.067,178,0.9976,0.48,9,6
5.5,0.35,0.35,1.1,0.045,167,0.992,0.68,9.9,6
6.7,0.24,0.41,8.7,0.036,148,0.9952,0.62,9.9,6
6.4,0.16,0.22,1.4,0.04,149,0.9933,0.58,10,6
7.7,0.22,0.42,1.9,0.052,87,0.9922,0.49,11.8,6
9.2,0.25,0.34,1.2,0.026,93,0.9916,0.37,11.3,7
7,0.3,0.51,13.6,0.05,168,0.9976,0.52,9.6,7
7.8,0.28,0.34,1.6,0.028,118,0.9901,0.38,12.1,7
8.4,0.35,0.71,12.2,0.046,160,0.9982,0.65,9.4,5
6.1,0.41,0.24,1.6,0.049,137,0.993,0.5,10.4,6
7.2,0.34,0.44,4.2,0.047,144,0.991,0.76,12.3,6
7.4,0.3,0.22,1.4,0.046,135,0.9928,0.77,10.4,7
6.5,0.28,0.27,5.2,0.04,179,0.9948,0.69,9.4,6
6.5,0.28,0.29,2.7,0.038,107,0.9912,0.41,11.6,7
6.7,0.34,0.54,16.3,0.047,181,0.9987,0.56,8.8,5
7.4,0.2,0.33,1.9,0.035,138,0.991,0.44,11.7,7
8.2,0.22,0.3,1.8,0.047,185,0.9933,0.5,10.2,6
6.5,0.28,0.29,2.7,0.038,107,0.9912,0.41,11.6,7
6,0.38,0.26,6,0.034,134,0.9912,0.38,12.3,7
6.9,0.41,0.33,10.1,0.043,152,0.9968,0.52,9.4,5
6.4,0.45,0.07,1.1,0.03,131,0.9905,0.28,10.8,5
6.9,0.41,0.33,10.1,0.043,152,0.9968,0.52,9.4,5
7,0.29,0.37,4.9,0.034,127,0.9928,0.44,10.8,6
7.2,0.24,0.4,1.4,0.045,106,0.9914,0.38,10.8,6
7.3,0.25,0.29,7.5,0.049,158,0.9965,0.38,9.6,5
7.8,0.26,0.27,1.9,0.051,195,0.9928,0.5,10.9,6
6,0.36,0.06,1.4,0.066,128,0.9934,0.55,9.3,5
6.2,0.24,0.29,13.3,0.039,130,0.9952,0.46,11,8
5.8,0.31,0.33,1.2,0.036,99,0.9916,0.6,10.5,6
7,0.23,0.42,18.05,0.05,144,0.9999,0.42,8.8,5
6.9,0.24,0.33,4.8,0.04,131,0.9936,0.64,10.7,6
6,0.29,0.2,12.6,0.045,187,0.9972,0.42,9.5,5
5.9,0.14,0.25,4.5,0.027,140,0.9934,0.51,10.8,6
7.4,0.28,0.25,11.9,0.053,148,0.9976,0.62,9.2,5
5.6,0.235,0.29,1.2,0.047,127,0.991,0.5,11,7
6.3,0.26,0.25,7.8,0.058,166,0.9961,0.41,9,5
7.1,0.26,0.34,14.4,0.067,189,0.9986,0.53,9.1,7
7.1,0.26,0.34,14.4,0.067,189,0.9986,0.53,9.1,7
5.9,0.24,0.26,12.3,0.053,134,0.9972,0.45,9.5,6
6.5,0.21,0.37,2.5,0.048,138,0.9917,0.75,11.4,7
7.3,0.34,0.21,3.2,0.05,136,0.9936,0.44,10.2,5
6.8,0.29,0.16,1.4,0.038,234.5,0.9922,0.47,10,4
7.1,0.28,0.26,1.9,0.049,86,0.9934,0.38,9.4,5
7.8,0.42,0.26,9.2,0.058,199,0.9972,0.55,9.3,6
6.7,0.31,0.3,2.1,0.038,130,0.9928,0.63,10.6,6
5.9,0.29,0.25,12,0.057,224,0.9981,0.41,9,6
6.8,0.34,0.69,1.3,0.058,171,0.9931,0.47,9.7,5
6.4,0.27,0.32,4.5,0.24,174,0.9948,0.48,9.4,5
6.8,0.67,0.3,13,0.29,193,0.9984,0.67,9,4
6,0.36,0.16,6.3,0.036,191,0.9942,0.62,9.8,5
5.9,0.37,0.14,6.3,0.036,185,0.9944,0.63,9.8,5
7.6,0.29,0.58,17.5,0.041,225,0.9997,0.66,9.5,6
7.5,0.31,0.51,14.8,0.039,204,0.9982,0.6,9.5,5
8.4,0.4,0.7,13.1,0.042,197,0.998,0.64,9.7,5
6.6,0.38,0.18,1.2,0.042,84,0.9927,0.45,10.1,4
7.7,0.2,0.44,13.9,0.05,130,0.99855,0.48,10,6
6.1,0.25,0.24,12.1,0.046,172,0.998,0.45,9.5,5
8.2,0.27,0.43,1.6,0.035,128,0.9916,0.5,12.3,6
6.4,0.31,0.39,7.5,0.04,213,0.99475,0.43,10,5
6,0.39,0.26,2.7,0.038,187,0.99325,0.5,10.8,6
6,0.3,0.44,1.5,0.046,182,0.99455,0.52,10.4,5
8.8,0.28,0.45,6,0.022,49,0.9934,0.33,11.1,7
6.9,0.38,0.25,9.8,0.04,191,0.9971,0.61,9.2,5
6.9,0.38,0.25,9.8,0.04,191,0.9971,0.61,9.2,5
6.9,0.39,0.4,4.6,0.022,19,0.9915,0.37,12.6,3
7.4,0.38,0.27,7.5,0.041,160,0.99535,0.43,10,5
7.4,0.2,1.66,2.1,0.022,113,0.99165,0.55,12.2,6
6.9,0.18,0.38,8.1,0.049,176,0.9958,0.54,9.8,6
7.2,0.29,0.4,7.6,0.024,177,0.9928,0.32,11.5,6
6.9,0.2,0.5,10,0.036,167,0.9964,0.55,10.2,6
5.8,0.25,0.28,11.1,0.056,175,0.99755,0.43,9.5,5
6.9,0.18,0.38,8.1,0.049,176,0.9958,0.54,9.8,6
5,0.44,0.04,18.6,0.039,128,0.9985,0.57,10.2,6
6.3,0.3,0.28,5,0.042,168,0.99505,0.69,9.5,6
7.2,0.27,0.42,1.6,0.05,135,0.992,0.46,11,6
6.8,0.12,0.31,5.2,0.045,120,0.9942,0.46,9.8,7
8.3,0.14,0.45,1.5,0.039,98,0.99215,0.56,11,6
6.9,0.22,0.37,15,0.053,178,0.9992,0.82,9.5,7
8.1,0.17,0.44,14.1,0.053,145,1.0006,0.75,8.8,8
6,0.395,0,1.4,0.042,55,0.99135,0.38,11.2,4
7.7,0.34,0.28,11,0.04,117,0.99815,0.29,9.2,6
6.9,0.24,0.33,12.5,0.046,153,0.9983,0.77,9.6,6
6.8,0.39,0.35,11.6,0.044,220,0.99775,0.53,9.3,5
6.6,0.21,0.31,11.4,0.039,165,0.99795,0.44,9.8,7
7.3,0.32,0.34,6.6,0.032,112,0.99505,0.46,9.8,6
7.8,0.27,0.58,11.2,0.036,161,0.9977,0.41,8.9,6
6,0.28,0.49,6.8,0.048,222,0.9953,0.47,9.3,5
6.4,0.35,0.28,1.1,0.055,160,0.99405,0.5,9.1,7
7.9,0.35,0.24,15.6,0.072,229,0.99785,0.59,10.5,6
8.4,0.18,0.42,5.1,0.036,77,0.9939,0.52,11.7,5
6.2,0.3,0.17,2.8,0.04,125,0.9939,0.46,9,5
6.6,0.56,0.22,8.9,0.034,133,0.99675,0.51,9.1,5
7,0.21,0.37,7.2,0.042,167,0.9958,0.56,9.8,6
7.1,0.16,0.36,1.2,0.043,90,0.9925,0.42,11,7
7.4,0.17,0.4,5.5,0.037,161,0.9935,0.62,11.5,4
6.9,0.25,0.34,1.3,0.035,82,0.99045,0.44,12.2,6
7.3,0.205,0.31,1.7,0.06,110,0.9963,0.69,10.5,6
7.5,0.42,0.34,4.3,0.04,108,0.99155,0.45,12.8,8
8.7,0.23,0.32,13.4,0.044,169,0.99975,0.47,8.8,7
6,0.2,0.24,1.8,0.03,105,0.9909,0.47,11.5,6
8.2,0.38,0.49,13.6,0.042,166,0.99855,0.54,9.4,5
6.9,0.18,0.36,1.3,0.036,117,0.9934,0.95,9.5,7
6.9,0.18,0.36,1.3,0.036,117,0.9934,0.95,9.5,7
8.2,0.4,0.48,13.7,0.042,169,0.9986,0.52,9.4,5
7.3,0.25,0.42,14.2,0.041,182,0.9996,0.75,9.1,7
6.2,0.28,0.33,1.7,0.029,111,0.99,0.5,12.1,6
4.8,0.33,0,6.5,0.028,163,0.9937,0.61,9.9,5
6.1,0.27,0.33,2.2,0.021,117,0.9886,0.3,12.5,6
7.8,0.18,0.46,12.6,0.042,143,1,0.76,8.5,8
7.3,0.24,0.29,1.2,0.037,97,0.9926,0.7,10.1,6
6,0.45,0.65,9.7,0.08,159,0.9956,0.48,9.4,5
7.7,0.15,0.29,1.3,0.029,64,0.9932,0.39,10.1,5
7.1,0.21,0.32,2.2,0.037,141,0.993,0.57,10,7
6,0.28,0.34,1.6,0.119,104,0.9921,0.38,10.2,6
6.2,0.16,0.54,1.4,0.126,110,0.9932,0.37,8.9,6
7.4,0.26,0.43,6,0.022,125,0.9928,0.55,11.5,6
6.5,0.3,0.32,2,0.044,90,0.99185,0.68,11,7
5.8,0.26,0.18,1.2,0.031,114,0.9908,0.4,11,7
5.6,0.19,0.39,1.1,0.043,67,0.9918,0.53,10.3,6
6.8,0.18,0.28,8.7,0.047,242,0.9952,0.53,10.5,6
6.8,0.18,0.28,8.5,0.047,242,0.9952,0.53,10.5,6
7.4,0.13,0.39,4.7,0.042,137,0.995,0.56,10.3,7
7,0.24,0.34,1.4,0.031,107,0.99,0.39,11.9,6
7,0.11,0.32,4.6,0.057,144,0.9956,0.44,9.4,7
5.4,0.595,0.1,2.8,0.042,80,0.9932,0.38,9.3,5
6.5,0.25,0.35,12,0.055,179,0.998,0.47,10,5
6.1,0.36,0.58,15,0.044,115,0.9978,0.51,9,5
6.5,0.26,0.28,12.5,0.046,225,0.99685,0.41,10,6
5.9,0.29,0.33,7.4,0.037,205,0.99495,0.41,9.6,5
6.1,0.27,0.44,6.7,0.041,230,0.99505,0.4,8.9,5
6.4,0.43,0.32,1.4,0.048,67,0.992,0.41,11.4,5
7.7,0.24,0.29,15.3,0.044,194,0.9982,0.47,9.6,7
6.5,0.18,0.33,8,0.051,131,0.9965,0.44,8.7,7
6.7,0.15,0.29,5,0.058,105,0.9946,0.44,10.2,7
8.5,0.16,0.35,1.6,0.039,147,0.9935,0.36,10,5
6.8,0.705,0.25,3.2,0.048,57,0.996,0.52,9.5,4
7.6,0.345,0.26,1.9,0.043,134,0.9936,0.38,9.5,5
7.5,0.32,0.26,1.8,0.042,133,0.9938,0.38,9.5,5
6.6,0.2,0.32,1.1,0.039,78,0.9926,0.54,10.2,7
7.3,0.24,0.34,15.4,0.05,174,0.9983,0.42,9,6
7.3,0.24,0.34,15.4,0.05,174,0.9983,0.42,9,6
8.3,0.23,0.43,3.2,0.035,101,0.9928,0.36,11.5,5
6.5,0.34,0.28,1.8,0.041,188,0.9928,0.37,9.6,6
7.1,0.13,0.38,1.8,0.046,114,0.9925,0.9,11.7,6
6.6,0.13,0.3,4.9,0.058,131,0.9946,0.45,10.3,6
6.5,0.14,0.33,7.6,0.05,189,0.9966,0.49,8.6,5
6,0.2,0.71,1.6,0.15,54,0.9927,0.47,9.8,5
6,0.19,0.71,1.5,0.152,55,0.9927,0.46,9.8,6
5.1,0.39,0.21,1.7,0.027,72,0.9894,0.45,12.5,6
7.4,0.28,0.3,5.3,0.054,161,0.9941,0.48,10.3,6
7.4,0.3,0.3,5.2,0.053,163,0.9941,0.45,10.3,6
6.5,0.25,0.27,15.2,0.049,217,0.9972,0.39,9.9,5
7,0.24,0.18,1.3,0.046,62,0.994,0.47,10.1,4
6.1,0.24,0.27,9.8,0.062,152,0.9966,0.47,9.5,6
8,0.19,0.36,1.8,0.05,84,0.9936,0.45,9.8,7
6.9,0.24,0.39,1.3,0.063,136,0.9928,0.48,10.4,7
6.6,0.18,0.28,3.3,0.044,91,0.993,0.64,10.8,6
5.8,0.36,0.26,3.3,0.038,153,0.9911,0.55,11.3,6
6.1,0.16,0.27,12.6,0.064,162,0.9994,0.43,8.9,5
7.6,0.39,0.22,2.8,0.036,113,0.9926,0.29,10.2,5
6.8,0.37,0.47,11.2,0.071,136,0.9968,0.88,9.2,5
8.3,0.14,0.26,1.5,0.049,189,0.9946,0.62,9.5,6
8.6,0.2,0.42,1.5,0.041,125,0.9925,0.49,11.4,7
6.2,0.15,0.46,1.6,0.039,123,0.993,0.51,9.7,6
6.6,0.14,0.44,1.6,0.042,140,0.993,0.51,10.2,6
7.1,0.2,0.41,2.1,0.054,166,0.9948,0.62,10.5,6
6.2,0.34,0.29,7.6,0.047,232,0.9955,0.62,10,6
8.8,0.17,0.38,1.8,0.04,148,0.9942,0.67,10.2,6
7.5,0.17,0.37,1.5,0.06,75,0.9936,0.88,10.7,5
7.7,0.275,0.3,1,0.039,75,0.992,0.56,10.7,5
7.5,0.33,0.48,19.45,0.048,243,1.001,0.4,8.8,5
6.5,0.19,0.1,1.3,0.046,107,0.9937,0.45,10,5
7.3,0.24,0.34,7.5,0.048,152,0.9962,0.54,9,5
9.4,0.29,0.55,2.2,0.05,119,0.9962,0.69,10.3,4
7.2,0.51,0.24,10,0.093,197,0.9981,0.47,9,5
8.3,0.22,0.38,14.8,0.054,126,1.0002,0.5,9.7,5
6.4,0.3,0.51,5.5,0.048,172,0.9942,0.45,9.1,6
6.2,0.55,0.45,12,0.049,186,0.9974,0.5,9.3,6
6.5,0.26,0.34,16.3,0.051,197,1.0004,0.42,9.8,5
7,0.17,0.33,4,0.034,127,0.9934,0.39,10.6,7
6.5,0.28,0.26,8.8,0.04,139,0.9956,0.37,10.2,6
6.3,0.16,0.4,1.6,0.033,148,0.9914,0.53,11.4,5
7.9,0.29,0.39,6.7,0.036,117,0.9938,0.42,10.7,5
7.3,0.31,0.69,10.2,0.041,160,0.9977,0.45,8.6,5
5.2,0.24,0.45,3.8,0.027,128,0.992,0.49,11.2,8
7.2,0.37,0.15,2,0.029,87,0.9903,0.59,12.6,7
6.1,0.29,0.27,1.7,0.024,76,0.9893,0.51,12.6,7
9.2,0.22,0.4,2.4,0.054,151,0.9952,0.46,9.3,4
5.9,0.415,0.13,1.4,0.04,64,0.9922,0.52,10.5,5
6.7,0.105,0.32,12.4,0.051,106,0.998,0.45,9.2,6
6.4,0.125,0.29,5.85,0.042,99,0.992,0.32,12,7
7.9,0.25,0.29,5.3,0.031,117,0.9918,0.32,11.8,7
6.8,0.39,0.31,14.35,0.043,162,0.9988,0.54,9.1,5
7.4,0.41,0.34,4.7,0.042,127,0.9953,0.42,10.4,5
6.7,0.25,0.34,12.85,0.048,161,0.9986,0.47,9.5,6
6,0.26,0.42,5.2,0.027,178,0.9914,0.4,12.3,8
9.2,0.28,0.46,3.2,0.058,133,0.996,0.58,9.5,5
9.3,0.34,0.49,7.3,0.052,146,0.998,0.61,10.2,5
9.2,0.28,0.46,3.2,0.058,133,0.996,0.58,9.5,5
6.7,0.25,0.23,7.2,0.038,220,0.9952,0.35,9.5,5
6.8,0.32,0.18,7.5,0.041,223,0.9959,0.41,8.9,5
6.1,0.6,0,1.3,0.042,79,0.9937,0.38,9.4,4
5.3,0.395,0.07,1.3,0.035,102,0.992,0.35,10.6,6
7.6,0.33,0.36,2.1,0.034,172,0.9944,0.48,10.5,4
7.8,0.3,0.29,16.85,0.054,135,0.9998,0.38,9,6
7.8,0.3,0.29,16.85,0.054,135,0.9998,0.38,9,6
7.8,0.3,0.29,16.85,0.054,135,0.9998,0.38,9,6
7.5,0.14,0.34,1.3,0.055,153,0.9945,0.8,9.6,6
5.7,0.26,0.27,4.1,0.201,189.5,0.9942,0.38,9.4,6
6,0.24,0.32,6.3,0.03,129,0.9946,0.41,10.4,5
7.4,0.23,0.43,1.4,0.044,113,0.9938,0.62,10.6,6
7.4,0.22,0.33,2,0.045,101,0.9931,0.55,11.4,5
6.8,0.25,0.29,2,0.042,189,0.9952,0.54,10.2,6
6.6,0.21,0.38,2.2,0.026,104,0.9914,0.4,11.1,8
7.1,0.21,0.3,1.4,0.037,143,0.9932,0.33,9.9,6
7.6,0.26,0.47,1.6,0.068,55,0.9944,0.45,9.6,5
6.9,0.25,0.26,5.2,0.024,135,0.9948,0.72,10.7,7
7.1,0.26,0.32,14.45,0.074,107,0.998,0.42,9.2,6
6.9,0.25,0.26,5.2,0.024,135,0.9948,0.72,10.7,7
7.3,0.22,0.4,14.75,0.042,129.5,0.9998,0.41,9.1,7
7,0.17,0.37,1.5,0.028,75,0.9922,0.46,10.8,7
5,0.33,0.16,1.5,0.049,97,0.9917,0.44,10.7,6
5,0.33,0.16,1.5,0.049,97,0.9917,0.44,10.7,6
8,0.23,0.46,1.5,0.03,125,0.9907,0.47,12.5,6
7.3,0.27,0.39,6.7,0.064,188,0.9958,0.3,9.7,5
6.4,0.23,0.33,1.15,0.044,217.5,0.992,0.44,11,6
7.3,0.29,0.3,13,0.043,238,0.9986,0.41,8.7,6
7.7,0.39,0.3,5.2,0.037,131,0.9943,0.44,11,6
7.8,0.32,0.31,1.7,0.036,195,0.993,0.48,10.5,5
10.3,0.25,0.48,2.2,0.042,164,0.998,0.59,9.7,5
7.4,0.18,0.42,2.1,0.036,187,0.9938,0.41,10.6,7
6.4,0.26,0.22,5.1,0.037,131,0.9944,0.32,10.1,5
7.2,0.18,0.31,1.1,0.045,73,0.9925,0.4,10.8,7
5.3,0.26,0.23,5.15,0.034,160,0.9952,0.51,10.5,7
5.7,0.245,0.33,1.1,0.049,150,0.9927,0.42,9.3,5
6.4,0.17,0.27,6.7,0.036,223,0.9948,0.35,10.2,6
6.9,0.29,0.16,6.8,0.034,212,0.9955,0.39,9,6
6.2,0.21,0.38,6.8,0.036,245,0.9951,0.36,9.3,6
6.4,0.23,0.3,7.1,0.037,236,0.9952,0.34,9.2,6
7.3,0.19,0.68,1.5,0.05,156,0.9946,0.64,9.4,6
7.3,0.18,0.65,1.4,0.046,157,0.9946,0.62,9.4,6
6.9,0.31,0.34,7.4,0.059,174,0.9963,0.62,11.1,7
7.5,0.28,0.34,4.2,0.028,116,0.991,0.41,12.3,8
8.1,0.5,0.47,1.1,0.037,126,0.9938,0.42,10.9,5
7.4,0.31,0.74,10.7,0.039,147,0.9977,0.43,8.7,5
8.3,0.21,0.4,1.6,0.032,110,0.9907,0.6,12.9,7
6.9,0.39,0.22,4.3,0.03,102,0.993,0.87,11.6,4
7.5,0.23,0.32,9.2,0.038,191,0.9966,0.56,9.7,6
9,0.245,0.38,5.9,0.045,159,0.995,0.35,10.2,6
7.4,0.19,0.42,6.4,0.067,212,0.9958,0.33,9.6,6
8.2,0.2,0.36,8.1,0.035,163,0.9952,0.3,10.3,6
7.9,0.14,0.45,1.8,0.05,114,0.9948,0.49,10.7,7
9.4,0.17,0.55,1.6,0.049,94,0.9949,0.61,10.3,6
6.4,0.31,0.4,6.2,0.04,169,0.9953,0.46,9.3,6
7.9,0.255,0.26,2,0.026,190,0.9932,0.39,11.2,6
7,0.15,0.34,1.4,0.039,177,0.9927,0.62,10.8,5
7.6,0.19,0.42,1.5,0.044,114,0.9914,0.74,12.8,6
7.7,0.32,0.48,2.3,0.04,114,0.9911,0.52,12.8,7
6.8,0.15,0.32,8.8,0.058,110,0.9972,0.4,8.8,6
7.9,0.16,0.64,17,0.05,210,1.0004,0.51,9.3,7
7.8,0.21,0.39,1.8,0.034,180,0.991,0.75,12.6,8
6.7,0.18,0.3,6.4,0.048,251,0.9956,0.52,10,5
6.7,0.18,0.3,6.4,0.048,251,0.9956,0.52,10,5
8.4,0.58,0.27,12.15,0.033,116,0.9959,0.39,10.8,6
7.2,0.16,0.32,0.8,0.04,121,0.9922,0.33,10,6
8.4,0.58,0.27,12.15,0.033,116,0.9959,0.39,10.8,6
7.3,0.23,0.37,1.9,0.041,165,0.9908,0.4,12.2,8
7,0.46,0.39,6.2,0.039,163,0.9928,0.35,12.2,7
8.2,0.35,0.4,6.3,0.039,162,0.9936,0.34,11.9,7
7.8,0.29,0.36,7,0.042,161,0.9941,0.37,11.2,8
5.7,0.21,0.24,2.3,0.047,189,0.995,0.72,10.1,6
6.7,0.18,0.3,6.4,0.048,251,0.9956,0.52,10,5
6.2,0.12,0.26,5.7,0.044,158,0.9951,0.37,10.5,6
6.4,0.25,0.33,1.4,0.04,115,0.9906,0.48,11.3,7
6.9,0.32,0.16,1.4,0.051,96,0.994,0.38,9.5,4
7.6,0.27,0.24,3.8,0.058,115,0.9958,0.45,8.9,5
7.4,0.64,0.47,14.15,0.168,185,0.9984,0.49,9.3,5
8.3,0.26,0.41,9.2,0.042,162,0.9944,0.38,12,7
6.9,0.27,0.41,1.7,0.047,134,0.9929,0.69,11.4,6
5.7,0.43,0.3,5.7,0.039,98,0.992,0.61,12.3,7
6.8,0.23,0.4,1.6,0.047,133,0.993,0.7,11.4,6
7.3,0.18,0.29,1.2,0.044,143,0.9918,0.48,11.3,7
6.2,0.16,0.47,1.4,0.029,81,0.99,0.42,12.2,6
6.6,0.42,0.33,2.8,0.034,85,0.99,0.51,13.4,6
7.3,0.18,0.29,1.2,0.044,143,0.9918,0.48,11.3,7
7.3,0.25,0.36,13.1,0.05,200,0.9986,0.46,8.9,7
8.2,0.22,0.36,6.8,0.034,90,0.9944,0.38,10.5,8
7.1,0.19,0.28,3.6,0.033,78,0.993,0.78,11.4,6
7,0.2,0.34,5.7,0.035,83,0.9928,0.46,11.5,6
8.1,0.29,0.49,7.1,0.042,124,0.9944,0.41,10.8,6
5.8,0.17,0.3,1.4,0.037,130,0.9909,0.38,11.3,6
6.6,0.23,0.26,1.3,0.045,128,0.9934,0.6,10,6
6.9,0.35,0.74,1,0.044,132,0.992,0.55,10.2,5
6.9,0.23,0.24,14.2,0.053,94,0.9982,0.5,9.6,5
8.2,0.18,0.49,1.1,0.033,81,0.9923,0.68,10.4,7
6.1,0.25,0.49,7.6,0.052,226,0.9956,0.47,8.9,5
7.2,0.26,0.74,13.6,0.05,162,0.998,0.44,8.8,5
7.2,0.31,0.24,1.4,0.057,117,0.9928,0.35,10.5,5
7,0.18,0.49,5.3,0.04,125,0.9914,0.4,12.2,6
6.9,0.19,0.49,6.6,0.036,172,0.9932,0.27,11.5,6
7.2,0.4,0.49,1.1,0.048,138,0.9929,0.42,9.3,5
7.8,0.43,0.49,13,0.033,158,0.9955,0.35,11.3,6
7.6,0.52,0.49,14,0.034,156,0.9958,0.38,11.8,7
8.3,0.21,0.49,19.8,0.054,231,1.0012,0.54,9.2,5
6.9,0.34,0.74,11.2,0.069,150,0.9968,0.81,9.2,5
6.3,0.27,0.49,1.2,0.063,92,0.9911,0.42,12.2,6
7.9,0.11,0.49,4.5,0.048,133,0.9946,0.42,10.6,6
8.5,0.17,0.74,3.6,0.05,128,0.9928,0.4,12.4,6
7.2,0.4,0.49,1.1,0.048,138,0.9929,0.42,9.3,5
7,0.2,0.49,5.9,0.038,128,0.9938,0.48,10.8,6
7.2,0.08,0.49,1.3,0.05,148,0.9945,0.44,10.2,6
7.2,0.08,0.49,1.3,0.05,148,0.9945,0.44,10.2,6
6.7,0.16,0.49,2.4,0.046,187,0.9952,0.81,10.4,6
7.4,0.28,0.49,1.5,0.034,126,0.9918,0.39,10.6,6
5.6,0.185,0.49,1.1,0.03,117,0.9918,0.45,10.3,6
8,0.3,0.49,9.4,0.046,188,0.9964,0.48,10,5
7.7,0.27,0.49,1.8,0.041,86,0.9914,0.42,12.5,6
6.7,0.51,0.24,2.1,0.043,155,0.9904,0.6,13,6
8.3,0.2,0.49,1.7,0.04,169,0.9938,0.37,10.1,5
6.8,0.36,0.24,4.6,0.039,124,0.9909,0.34,12.6,7
7,0.17,0.74,12.8,0.045,126,0.9942,0.38,12.2,8
8.1,0.2,0.49,8.1,0.051,205,0.9954,0.52,11,6
7.9,0.2,0.49,1.6,0.053,144,0.993,0.47,10.5,5
7.3,0.155,0.49,1.3,0.039,136,0.9926,0.77,10.5,6
8.4,0.23,0.49,7.8,0.035,95,0.9935,0.34,12,6
8.3,0.2,0.49,1.7,0.04,169,0.9938,0.37,10.1,5
7.4,0.27,0.49,1.1,0.037,156,0.992,0.54,11.1,6
6.6,0.21,0.49,18.15,0.042,158,0.9997,0.39,8.7,6
7.5,0.23,0.49,7.7,0.049,209,0.9941,0.3,11.1,7
8.5,0.15,0.49,1.5,0.031,122,0.9932,0.4,10.3,6
8.9,0.13,0.49,1,0.028,24,0.9926,0.32,9.9,5
6.7,0.29,0.49,4.7,0.034,156,0.9945,0.45,9.9,6
7.1,0.36,0.24,1.8,0.025,102,0.9903,0.59,12.8,6
7.9,0.42,0.49,8.2,0.056,164,0.9965,0.6,11.2,7
6.9,0.24,0.49,1.3,0.032,148,0.9932,0.57,10.7,7
7.9,0.18,0.49,5.2,0.051,157,0.9953,0.48,10.6,6
6.2,0.43,0.49,6.4,0.045,115,0.9963,0.57,9,4
7.8,0.3,0.74,1.8,0.033,156,0.991,0.52,12.8,6
8.5,0.19,0.49,3.5,0.044,117,0.9938,0.51,10.1,6
7.4,0.3,0.49,8.2,0.055,188,0.9974,0.58,9.7,6
6.9,0.22,0.49,7,0.063,168,0.9957,0.5,10.3,6
9.8,0.31,0.49,15.4,0.046,119,1.0004,0.45,9.5,5
8.4,0.24,0.49,7.4,0.039,108,0.9934,0.33,11.9,7
6.4,0.18,0.74,11.9,0.046,168,0.9978,0.68,10.1,5
7,0.29,0.49,3.8,0.047,136,0.9938,0.4,9.4,6
6.4,0.27,0.49,7.3,0.046,206,0.9956,0.43,9.2,6
6.3,0.24,0.74,1.4,0.172,108,0.9932,0.39,9.9,6
6.7,0.33,0.49,1.6,0.167,94,0.9914,0.5,11.4,6
8.2,0.34,0.49,8,0.046,223,0.996,0.52,10.7,6
8.2,0.26,0.49,5.2,0.04,100,0.9941,0.34,10.1,6
7.8,0.26,0.49,3.2,0.027,87,0.9919,0.32,11.3,7
6.2,0.22,0.49,6,0.029,128,0.9928,0.36,11.3,8
7.8,0.26,0.49,3.2,0.027,87,0.9919,0.32,11.3,7
8.9,0.32,0.49,1.6,0.05,131,0.9956,0.34,9.4,5
6.5,0.44,0.49,7.7,0.045,169,0.9957,0.37,8.7,6
6.4,0.26,0.49,6.4,0.037,161,0.9954,0.53,9.7,6
9,0.22,0.49,10.4,0.048,195,0.9987,0.44,10.2,6
8.2,0.2,0.49,3.5,0.057,108,0.9928,0.35,11.5,6
7.8,0.49,0.49,7,0.043,149,0.9952,0.33,10,5
8.1,0.12,0.49,1.2,0.042,160,0.9934,0.48,9.7,6
7.6,0.47,0.49,13,0.239,220,0.9988,0.51,9.2,5
7.9,0.22,0.49,3.8,0.042,105,0.993,0.39,10.5,5
6.4,0.22,0.49,7.5,0.054,151,0.9948,0.52,10.1,6
8.1,0.3,0.49,12.3,0.049,144,0.9971,0.57,10.2,7
7.8,0.21,0.49,1.2,0.036,99,0.99,0.28,12.1,7
8.2,0.29,0.49,1,0.044,118,0.9928,0.36,10.9,4
7.9,0.33,0.28,31.6,0.053,176,1.0103,0.38,8.8,6
6.6,0.46,0.49,7.4,0.052,184,0.9956,0.38,9,5
7.8,0.28,0.49,1.3,0.046,142,0.9936,0.59,10.2,5
8.1,0.28,0.46,15.4,0.059,177,1.0004,0.58,9,4
7.9,0.18,0.33,1.2,0.033,72,0.9922,0.38,10.5,7
7.1,0.31,0.38,1.2,0.036,124,0.9924,0.44,9.9,6
7.8,0.24,0.18,6.7,0.046,160,0.9963,0.56,9.8,6
6.6,0.27,0.31,5.3,0.137,163,0.9951,0.38,9.3,5
6.4,0.35,0.2,5.7,0.034,117,0.9944,0.43,10.1,5
7.6,0.32,0.34,18.35,0.054,197,1.0008,0.55,9,5
7.2,0.25,0.28,14.4,0.055,205,0.9986,0.38,9,7
7.3,0.26,0.33,17.85,0.049,195,1,0.44,9.1,7
7.4,0.26,0.37,9.4,0.047,147,0.9982,0.72,10,5
7,0.24,0.3,4.2,0.04,213,0.9927,0.49,11.8,6
8.5,0.32,0.36,14.9,0.041,190,0.9982,0.31,10,6
7.9,0.29,0.36,11.1,0.033,208,0.9969,0.46,10.3,5
6.6,0.25,0.31,1.5,0.035,127,0.9921,0.47,11.3,6
7,0.61,0.26,1.7,0.051,161,0.9946,0.6,10.6,4
6.8,0.22,0.3,13.6,0.055,180,0.9984,0.39,9.8,5
8.1,0.31,0.24,1.6,0.032,67,0.9924,0.47,10.5,5
6.8,0.3,0.24,6.6,0.123,116,0.9953,0.48,9.4,5
6.5,0.18,0.34,1.6,0.04,148,0.9912,0.59,11.5,8
9.3,0.2,0.33,1.7,0.05,178,0.9954,0.43,9,4
5.8,0.23,0.27,1.8,0.043,69,0.9933,0.31,9.4,6
7.6,0.2,0.39,2.6,0.044,180,0.9941,0.44,10.8,7
7.5,0.4,1,19.5,0.041,148,0.9977,0.38,12,6
7.6,0.445,0.44,14.5,0.045,212,0.9986,0.36,10,6
9.2,0.23,0.3,1.1,0.031,99,0.9929,0.3,10.4,6
6.9,0.16,0.3,9.6,0.057,185,0.9978,0.38,9.6,6
6.7,0.16,0.28,2.5,0.046,153,0.9921,0.51,11.4,7
6.9,0.29,0.23,8.6,0.056,215,0.9967,0.44,8.8,5
7.3,0.21,0.3,10.9,0.037,112,0.997,0.5,9.6,6
6.7,0.27,0.25,8,0.053,202,0.9961,0.43,9.3,5
7.8,0.39,0.26,9.9,0.059,181,0.9955,0.42,10.9,6
8.7,0.45,0.4,1.5,0.067,100,0.9957,0.57,10.1,6
6.7,0.24,0.29,6.8,0.038,127,0.9932,0.46,11.6,7
7.2,0.26,0.3,2.1,0.033,158,0.9909,0.43,12.1,7
7.8,0.2,0.24,1.6,0.026,189,0.991,0.74,12.1,7
7.4,0.35,0.31,17.95,0.062,187,1.0002,0.64,9.1,5
6.9,0.25,0.27,9.05,0.039,128,0.9936,0.34,11.3,8
6.8,0.23,0.29,15.4,0.073,173,0.9984,0.41,8.7,6
9.4,0.16,0.23,1.6,0.042,67,0.9942,0.32,9.5,5
8.8,0.2,0.43,15,0.053,184,1.0008,0.79,8.8,6
7.2,0.15,0.38,1.2,0.038,110,0.9917,0.43,11.1,6
6.8,0.33,0.28,1.2,0.032,131,0.9889,0.41,13,6
6.8,0.3,0.35,2.8,0.038,164,0.9912,0.53,12,6
8.2,0.42,0.29,4.1,0.03,100,0.9911,0.32,12.8,7
7.3,0.19,0.24,6.3,0.054,231,0.9964,0.54,10,6
7.4,0.49,0.24,15.1,0.03,153,0.9953,0.51,12,7
6.4,0.21,0.3,5.6,0.044,160,0.9949,0.41,10.6,6
8,0.55,0.42,12.6,0.211,213,0.9988,0.56,9.3,5
6.9,0.18,0.33,1,0.054,164,0.9926,0.51,10.5,5
8.3,0.28,0.45,7.8,0.059,139,0.9972,0.77,11.2,6
6.8,0.24,0.35,6.4,0.048,172,0.9944,0.55,10.5,7
8,0.22,0.28,14,0.053,197,0.9981,0.45,9.8,6
10,0.91,0.42,1.6,0.056,181,0.9968,0.46,10,4
8.9,0.34,0.34,1.6,0.056,176,0.9946,0.47,9.7,5
6.7,0.18,0.19,4.7,0.046,161,0.9946,0.66,10.5,6
6.6,0.28,0.3,7.8,0.049,202,0.9958,0.39,9.5,5
7.6,0.27,0.25,13.9,0.05,199,0.9984,0.5,9.8,6
6.3,0.19,0.21,1.8,0.049,163,0.9924,0.5,10.3,6
6.6,0.31,0.38,16.05,0.058,165,0.9997,0.6,9.2,5
8,0.25,0.26,14,0.043,248,0.9986,0.57,8.7,6
7.2,0.2,0.61,16.2,0.043,103,0.9987,0.36,9.2,6
7.7,0.3,0.42,14.3,0.045,213,0.9991,0.63,9.2,5
7.7,0.3,0.42,14.3,0.045,213,0.9991,0.63,9.2,5
7.7,0.3,0.42,14.3,0.045,213,0.9991,0.63,9.2,5
6.4,0.22,0.32,7.9,0.029,124,0.9948,0.39,10.2,5
7.3,0.24,0.41,13.6,0.05,178,0.9988,0.43,9.7,5
7.6,0.15,0.4,1.3,0.036,112,0.9932,0.76,10,5
6.8,0.24,0.31,18.3,0.046,142,1,0.41,8.7,5
6.7,0.44,0.31,1.9,0.03,104,0.99,0.62,12.6,7
7.4,0.21,0.3,7.9,0.039,118,0.9942,0.34,10.4,5
7.2,0.36,0.36,5.7,0.038,98,0.9914,0.59,12.5,7
7.9,0.3,0.27,8.5,0.036,112,0.9939,0.46,11.7,6
8.3,0.23,0.3,2.1,0.049,153,0.9953,0.5,9.6,6
8.1,0.26,0.33,11.1,0.052,158,0.9976,0.49,10.2,7
7.6,0.13,0.34,9.3,0.062,126,0.9966,0.39,9.6,5
7,0.12,0.19,4.9,0.055,127,0.9953,0.41,9.4,5
7.1,0.25,0.28,1.6,0.052,169,0.9926,0.41,10.5,5
9.2,0.27,0.34,10.5,0.043,228,0.9974,0.41,10.4,6
7.2,0.47,0.65,8.3,0.083,182,0.9964,0.35,9.2,5
6.8,0.28,0.36,1.6,0.04,87,0.9924,0.66,10.3,6
8.8,0.34,0.33,9.7,0.036,172,0.9966,0.4,10.2,5
6.8,0.31,0.32,7.6,0.052,143,0.9959,0.38,9,5
7.2,0.19,0.31,1.4,0.046,135,0.9939,0.57,10.2,7
8,0.25,0.13,17.2,0.036,219,0.9996,0.46,9.7,5
7.4,0.32,0.55,16.6,0.056,238,1.0017,0.58,8.7,6
8.5,0.17,0.31,1,0.024,91,0.993,0.37,10.1,5
6.8,0.28,0.37,7,0.057,208,0.9973,0.55,10.2,5
7.9,0.33,0.26,1.2,0.044,103,0.9932,0.54,10.5,6
7.6,0.2,0.3,14.2,0.056,212.5,0.999,0.46,8.9,8
7.6,0.2,0.3,14.2,0.056,212.5,0.999,0.46,8.9,8
8,0.22,0.32,10.4,0.043,201,0.997,0.53,9.5,6
7,0.28,0.33,14.6,0.043,168,0.9994,0.67,8.8,6
7.3,0.18,0.31,17.3,0.055,197,1.0002,0.46,9,6
7.6,0.17,0.35,1.6,0.047,154,0.9934,0.69,11.1,6
7.4,0.26,0.31,2.4,0.043,178,0.9941,0.68,10.6,6
7,0.28,0.33,14.6,0.043,168,0.9994,0.67,8.8,6
8.4,0.2,0.38,11.8,0.055,170,1.0004,0.82,8.9,6
5.6,0.18,0.31,1.5,0.038,84,0.9924,0.58,10.1,6
7.2,0.15,0.39,1.8,0.043,159,0.9948,0.47,10,5
6.6,0.32,0.22,16.7,0.046,133,0.9979,0.67,10.4,6
7.6,0.34,0.39,7.6,0.04,215,0.9965,0.53,9.2,6
6.4,0.26,0.4,1.7,0.179,60,0.9925,0.54,10.1,5
6.9,0.32,0.15,8.1,0.046,180,0.9958,0.45,8.9,5
8.9,0.21,0.34,7.1,0.037,150,0.9962,0.45,9.7,6
5.6,0.13,0.27,4.8,0.028,104,0.9948,0.45,9.2,6
8.7,0.24,0.35,0.6,0.042,71,0.9926,0.38,10.6,5
6.8,0.33,0.44,7,0.05,155,0.9955,0.42,9.5,5
6.3,0.28,0.24,8.45,0.031,172,0.9958,0.57,9.7,7
8.6,0.485,0.29,4.1,0.026,101,0.9918,0.38,12.4,5
7.3,0.29,0.29,4.6,0.029,155,0.9931,0.26,10.6,6
5.7,0.46,0.46,1.4,0.04,169,0.9932,0.47,8.8,5
6.7,0.23,0.33,1.8,0.036,96,0.9925,0.4,10.8,6
6.6,0.22,0.28,4.9,0.042,180,0.9952,0.75,9.5,6
5.7,0.32,0.18,1.4,0.029,104,0.9906,0.37,11,6
7.1,0.33,0.25,1.6,0.03,126,0.9901,0.34,12.1,7
7.3,0.34,0.3,1.3,0.057,173,0.9948,0.51,9.1,6
6.6,0.27,0.29,5.3,0.045,189,0.9953,0.79,9.8,5
5.9,0.17,0.3,1.4,0.042,119,0.9931,0.72,10.5,6
7.4,0.45,0.32,7.1,0.044,117,0.9962,0.41,10.4,4
7.9,0.17,0.32,1.6,0.053,150,0.9948,0.76,9.6,6
8.3,0.17,0.31,1.5,0.049,153,0.9942,0.58,9.4,6
7.9,0.17,0.32,1.6,0.053,150,0.9948,0.76,9.6,6
7.2,0.24,0.19,7.7,0.045,176,0.9958,0.38,9.5,5
5.3,0.76,0.03,2.7,0.043,93,0.9932,0.38,9.2,5
6.8,0.32,0.34,6,0.05,129,0.9953,0.4,9.1,5
7.4,0.18,0.36,13.1,0.056,163,1,0.35,9.1,6
6,0.16,0.3,6.7,0.043,153,0.9951,0.46,10.6,5
6.7,0.24,0.33,12.3,0.046,145,0.9983,0.4,9.5,5
6.8,0.28,0.35,2.3,0.042,85,0.9906,0.56,12.4,6
6,0.27,0.15,1.5,0.056,128,0.9936,0.45,8.8,5
6,0.16,0.3,6.7,0.043,153,0.9951,0.46,10.6,5
7.7,0.23,0.31,10.7,0.038,186,0.9969,0.55,9.5,6
5.7,0.33,0.15,1.9,0.05,93,0.9934,0.62,9.9,5
7.7,0.26,0.32,1.2,0.04,117,0.993,0.56,10.8,5
6.4,0.2,0.32,3.1,0.041,126,0.9914,0.42,12,6
8,0.16,0.36,1.5,0.033,122,0.9941,0.39,10.3,4
6.5,0.43,0.28,12,0.056,174,0.9986,0.55,9.3,5
7.2,0.16,0.26,7.1,0.054,224,0.9966,0.55,10.1,5
7.9,0.18,0.36,5.9,0.058,132,0.995,0.52,10.9,6
5.5,0.24,0.32,8.7,0.06,102,0.994,0.31,10.4,5
8.2,0.21,0.32,10.65,0.053,145,0.9972,0.48,10.2,6
7.2,0.2,0.31,10,0.054,165,0.997,0.42,9.9,6
7.7,0.28,0.35,15.3,0.056,117,0.9998,0.5,9.6,5
8.5,0.25,0.27,4.7,0.031,92,0.9922,0.33,12,6
9.9,0.49,0.23,2.4,0.087,115,0.9948,0.44,9.4,6
7.4,0.19,0.3,12.8,0.053,229,0.9986,0.49,9.1,7
7.4,0.19,0.3,12.8,0.053,229,0.9986,0.49,9.1,7
6.6,0.32,0.27,10.9,0.041,146,0.9963,0.47,10,5
6.3,0.3,0.24,6.6,0.04,141,0.995,0.47,9.5,5
6.5,0.39,0.81,1.2,0.217,74,0.9936,0.53,9.5,5
7.1,0.18,0.32,12.2,0.048,125,0.9967,0.54,9.4,6
7,0.22,0.26,1.1,0.037,71,0.9902,0.38,11.7,6
7.1,0.26,0.19,8.2,0.051,187,0.996,0.52,9.7,5
7.1,0.26,0.19,8.2,0.051,187,0.996,0.52,9.7,5
7.6,0.27,0.33,2,0.059,175,0.9944,0.56,9.9,5
8.9,0.24,0.33,15.75,0.035,132,0.996,0.37,12.1,6
7,0.32,0.35,1.5,0.039,125,0.9918,0.64,12.2,6
7.4,0.24,0.26,1.6,0.058,150,0.9936,0.5,9.9,7
7,0.32,0.35,1.5,0.039,125,0.9918,0.64,12.2,6
7.4,0.17,0.29,1.4,0.047,107,0.9939,0.65,10.4,6
7.8,0.3,0.37,1.3,0.051,96,0.9941,0.62,10,5
8.1,0.25,0.38,3.8,0.051,129,0.9928,0.38,11.5,6
7,0.22,0.32,1.6,0.045,120,0.9914,0.44,10.5,6
8.5,0.28,0.34,13.8,0.041,161,0.9981,0.4,9.9,6
8,0.45,0.28,10.8,0.051,157,0.9957,0.47,11.4,7
6.5,0.39,0.35,1.6,0.049,164,0.99516,0.51,9.7,5
6.9,0.44,0.42,8.5,0.048,147,0.9974,0.46,9.5,6
7.5,0.31,0.24,7.1,0.031,141,0.99397,0.38,10.6,7
6.4,0.34,0.2,14.9,0.06,162,0.9983,0.45,9,4
9.2,0.34,0.54,17.3,0.06,235,1.00182,0.61,8.8,6
7.2,0.29,0.2,7.7,0.046,174,0.99582,0.52,9.5,5
7.3,0.21,0.21,1.6,0.046,133,0.99466,0.46,10,6
7.6,0.48,0.28,10.4,0.049,205,0.99748,0.45,9.3,5
7.6,0.48,0.28,10.4,0.049,205,0.99748,0.45,9.3,5
8.5,0.25,0.31,2.8,0.032,61,0.99189,0.44,11.5,6
7.3,0.19,0.25,1.4,0.051,107,0.99382,0.66,10.5,7
7.5,0.29,0.26,14.95,0.067,178,0.99838,0.49,9.2,4
7.4,0.33,0.26,15.6,0.049,210,0.99907,0.68,9.5,5
7.3,0.4,0.28,6.5,0.037,97,0.99148,0.58,12.6,7
6.5,0.32,0.23,1.2,0.054,208,0.99272,0.46,9.9,6
6.5,0.29,0.42,10.6,0.042,202,0.99674,0.53,9.5,6
7.3,0.3,0.33,2.3,0.043,125,0.99084,0.44,12.6,7
6.9,0.44,0.18,11.8,0.051,126,0.9975,0.48,9.1,5
7,0.36,0.3,5,0.04,143,0.99173,0.42,12.2,7
5.6,0.295,0.2,2.2,0.049,134,0.99378,0.68,10,5
6.8,0.21,0.55,14.6,0.053,159,0.99805,0.44,9.2,5
8.1,0.28,0.34,1.3,0.035,126,0.99232,0.5,9.8,6
6.8,0.21,0.55,14.6,0.053,159,0.99805,0.44,9.2,5
7.7,0.42,0.38,8.1,0.061,144,0.9966,0.58,11,6
7.5,0.26,0.59,11.8,0.046,164,0.99814,0.46,8.9,4
6.6,0.4,0.32,1.7,0.035,84,0.99096,0.48,12.7,7
4.6,0.445,0,1.4,0.053,178,0.99426,0.55,10.2,5
7,0.35,0.17,1.1,0.049,119,0.99297,0.36,9.7,6
7.5,0.38,0.29,12.7,0.05,209,0.9986,0.59,9.3,6
7.5,0.23,0.35,17.8,0.058,212,1.00241,0.43,8.9,5
7,0.23,0.26,7.2,0.041,90,0.99509,0.55,9.5,6
7.7,0.29,0.29,4.8,0.06,156,0.99572,0.59,10.3,6
7.2,0.34,0.3,8.4,0.051,167,0.99756,0.62,9.7,5
7.7,0.4,0.27,4.5,0.034,95,0.99175,0.59,12.3,8
7.5,0.23,0.29,2.6,0.031,98,0.99194,0.54,10.9,6
7.9,0.46,0.4,10.1,0.168,184,0.99782,0.62,9.5,5
7.9,0.25,0.34,11.4,0.04,202,0.99708,0.57,9.6,6
6.6,0.32,0.24,1.3,0.06,204,0.99512,0.51,9.2,5
7.4,0.33,0.44,7.6,0.05,227,0.99679,0.52,9,5
7.2,0.3,0.3,8.1,0.05,188,0.99652,0.49,9.1,6
6.4,0.27,0.19,2,0.084,191,0.99516,0.63,9.6,4
6.4,0.27,0.19,1.9,0.085,196,0.99516,0.64,9.5,4
7,0.23,0.42,5.1,0.042,144,0.99518,0.59,10.2,6
6.9,0.15,0.28,4.4,0.029,107,0.99347,0.46,10.4,8
6.7,0.26,0.29,5.8,0.025,74,0.9929,0.53,11,6
6.9,0.3,0.29,1.3,0.053,189,0.99362,0.54,9.9,4
7.6,0.21,0.35,1.2,0.041,106,0.9914,0.45,11.3,4
6.4,0.17,0.34,1.5,0.093,136,0.9938,0.49,9.6,6
9.2,0.16,0.49,2,0.044,107,0.99514,0.53,10.2,4
9.8,0.16,0.46,1.8,0.046,130,0.99587,0.67,9.6,5
7.9,0.44,0.26,4.45,0.033,100,0.99117,0.52,12.7,6
8,0.27,0.25,19.1,0.045,208,1.00051,0.5,9.2,6
7.3,0.815,0.09,11.4,0.044,204,0.99713,0.46,9,5
6.1,0.36,0.41,19.35,0.07,207,1.00118,0.53,9.1,5
8.1,0.4,0.32,7.9,0.031,118,0.99176,0.46,13.3,7
6.8,0.26,0.43,11.75,0.045,198,0.9969,0.55,9.5,5
7.2,0.24,0.29,3,0.036,117,0.99411,0.68,10.1,6
7.3,0.22,0.26,1.5,0.04,172,0.99194,0.48,11.2,6
7.4,0.35,0.2,13.9,0.054,229,0.99888,0.5,8.9,6
8,0.26,0.28,4.8,0.05,150,0.99437,0.5,10,6
6.8,0.46,0.26,6.3,0.147,159,0.99434,0.47,10,5
6.5,0.27,0.26,8.2,0.042,133,0.99612,0.64,9.8,6
6.6,0.26,0.27,1.5,0.04,114,0.99295,0.62,10.5,6
6.6,0.56,0.15,10,0.037,157,0.99642,0.52,9.4,5
6.6,0.56,0.15,10,0.037,157,0.99642,0.52,9.4,5
6.3,0.2,0.26,1.6,0.027,141,0.99268,0.56,10.8,6
8.1,0.33,0.36,7.4,0.037,156,0.99592,0.54,10.6,6
8.2,0.26,0.33,2.6,0.053,71,0.99402,0.49,9.5,5
7.5,0.27,0.79,11.95,0.04,159,0.99839,0.44,8.7,5
5.2,0.16,0.34,0.8,0.029,77,0.99155,0.51,10.1,6
6,0.29,0.21,15.55,0.043,142,0.99658,0.54,10.1,6
7.4,0.56,0.09,1.5,0.071,117,0.99496,0.53,9.8,5
6.1,0.27,0.31,1.5,0.035,83,0.99076,0.44,11.1,7
6.3,0.27,0.37,7.9,0.047,215,0.99542,0.48,9.5,6
6.7,0.24,0.32,10.3,0.079,122,0.99662,0.45,8.8,5
7.9,0.27,0.27,1.7,0.034,122,0.99088,0.51,11.9,6
6.1,0.28,0.24,19.95,0.074,174,0.99922,0.44,9.3,6
6.4,0.31,0.4,6.4,0.039,191,0.99513,0.52,9.8,5
7.4,0.4,0.41,14.1,0.053,194,0.99886,0.63,9.4,6
6.6,0.26,0.25,11.6,0.045,178,0.99691,0.43,9.8,6
7.3,0.51,0.29,11.3,0.034,224,0.99683,0.56,9.5,6
7.3,0.16,0.35,1.5,0.036,108,0.99342,0.51,10.2,6
6.6,0.42,0.13,12.8,0.044,158,0.99772,0.47,9,5
6.7,0.54,0.27,7.1,0.049,178,0.99502,0.38,9.4,4
6.8,0.23,0.3,1.7,0.043,95,0.99207,0.46,10.7,7
9,0.29,0.34,12.1,0.03,177,0.99706,0.47,10.6,5
9,0.26,0.34,6.7,0.029,162,0.99497,0.5,10.6,6
8.9,0.27,0.34,10.7,0.029,166,0.99669,0.48,10.6,5
6.2,0.33,0.14,4.8,0.052,128,0.99475,0.48,9.4,5
6.4,0.15,0.44,1.2,0.043,150,0.9907,0.73,11.2,7
6.9,0.28,0.22,10,0.052,131,0.99696,0.46,9.6,5
6.9,0.32,0.26,2.3,0.03,103,0.99106,0.42,11.1,6
5.7,0.255,0.65,1.2,0.079,137,0.99307,0.42,9.4,5
6.9,0.21,0.24,1.8,0.021,80,0.98992,0.46,12.3,7
7,0.16,0.32,1.1,0.032,80,0.98972,0.36,12.1,6
7,0.14,0.28,1.3,0.026,56,0.99352,0.45,9.9,5
6.8,0.26,0.24,1.9,0.043,154,0.99273,0.52,10.5,5
6.5,0.27,0.4,10,0.039,227,0.99582,0.5,9.4,5
5.8,0.3,0.27,1.7,0.014,104,0.98914,0.56,12.6,7
6.8,0.18,0.3,12.8,0.062,171,0.99808,0.52,9,7
8.2,0.52,0.34,1.2,0.042,167,0.99366,0.39,10.6,5
6.2,0.26,0.32,15.3,0.031,185,0.99835,0.61,9.4,5
6.7,0.3,0.29,2.8,0.025,107,0.99159,0.63,11.3,7
7.5,0.25,0.32,8.2,0.024,209,0.99563,0.46,10.8,6
7.1,0.2,0.3,0.9,0.019,28,0.98931,0.36,12,6
6.5,0.3,0.39,7.8,0.038,219,0.9959,0.5,9.4,5
6.6,0.36,0.52,10.1,0.05,140,0.99628,0.4,9.4,5
6.5,0.18,0.41,14.2,0.039,129,0.99678,0.72,10.3,7
6.6,0.26,0.21,2.9,0.026,126,0.99089,0.38,11.3,7
7,0.24,0.24,9,0.03,219,0.99636,0.46,10.2,6
5.9,0.445,0.26,1.4,0.027,109,0.99148,0.36,10.5,6
7.2,0.24,0.27,11.4,0.034,174,0.99773,0.44,9,5
8.2,0.32,0.26,2.1,0.062,87,0.98974,0.47,12.8,6
8.7,0.31,0.73,14.35,0.044,191,1.00013,0.88,8.7,5
7.5,0.13,0.38,1.1,0.023,104,0.99112,0.53,11.8,6
6.7,0.12,0.3,5.2,0.048,113,0.99352,0.44,10.1,7
5.7,0.18,0.36,1.2,0.046,71,0.99199,0.68,10.9,7
7.15,0.17,0.24,9.6,0.119,178,0.99578,0.44,10.2,6
6.7,0.33,0.34,6.6,0.067,156,0.99542,0.48,9.3,6
7.2,0.3,0.26,1.5,0.041,178,0.99154,0.56,11.3,6
9.6,0.655,0.21,2,0.039,120,0.99188,1,12.6,6
7.2,0.19,0.27,11.2,0.061,149,0.99772,0.59,9.3,6
7.6,0.32,0.25,9.5,0.03,136,0.99367,0.44,12.1,6
7.2,0.19,0.27,11.2,0.061,149,0.99772,0.59,9.3,6
7.6,0.18,0.28,7.1,0.041,110,0.99652,0.42,9.2,6
6.6,0.26,0.38,6.5,0.17,201,0.9956,0.38,9.4,6
6.7,0.26,0.39,6.4,0.171,200,0.99562,0.38,9.4,6
6.5,0.23,0.36,16.3,0.038,133,0.99924,0.41,8.8,5
7.8,0.25,0.34,13.7,0.044,184,0.99976,0.75,8.9,5
6.4,0.21,0.44,7.4,0.045,182,0.9957,0.46,9.1,5
6.8,0.23,0.42,7.4,0.044,189,0.9958,0.48,9.3,6
6.8,0.24,0.37,7.45,0.043,188,0.99579,0.5,9.4,6
7.8,0.25,0.34,13.7,0.044,184,0.99976,0.75,8.9,5
6.8,0.16,0.29,10.4,0.046,143,0.99518,0.4,10.8,6
7.5,0.18,0.31,6.5,0.029,160,0.99276,0.38,10.9,6
7.5,0.26,0.25,1.7,0.038,129,0.99312,0.56,10.4,6
6.5,0.17,0.31,1.5,0.041,121,0.99092,0.46,10.5,6
6.5,0.35,0.28,12.4,0.051,213,0.9962,0.51,9.9,6
6.5,0.29,0.31,1.7,0.035,79,0.99053,0.69,11.4,7
7.9,0.51,0.34,2.6,0.049,135,0.99335,0.51,10,5
6.5,0.17,0.31,1.5,0.041,121,0.99092,0.46,10.5,6
5.8,0.17,0.34,1.8,0.045,170,0.99035,0.9,11.8,8
7.3,0.32,0.35,1.4,0.05,163,0.99244,0.42,10.7,5
6.4,0.27,0.29,10.8,0.028,118,0.99356,0.37,11.2,6
7.7,0.3,0.34,1.2,0.048,119,0.99084,0.34,12.1,6
6.4,0.44,0.44,14.4,0.048,228,0.99955,0.54,8.8,7
6.3,0.2,0.24,1.7,0.052,135,0.99374,0.66,10.8,6
7,0.36,0.32,10.5,0.045,135,0.9935,0.33,11.6,8
7.6,0.39,0.32,3.6,0.035,93,0.99144,0.6,12.5,7
6.7,0.2,0.37,1.65,0.025,103,0.99022,0.45,11.4,5
7.8,0.965,0.6,65.8,0.074,160,1.03898,0.69,11.7,6
7.1,0.2,0.31,6.85,0.053,211,0.99587,0.59,10.4,6
8,0.3,0.36,11,0.034,70,0.99354,0.41,12.2,6
6.5,0.37,0.3,2.2,0.033,107,0.98894,0.53,13.5,7
6.8,0.35,0.53,10.1,0.053,151,0.9963,0.4,9.4,5
6.9,0.31,0.32,1.6,0.036,114,0.99068,0.45,11.4,7
6.7,0.16,0.37,1.3,0.036,125,0.98964,0.51,12.4,7
6.8,0.26,0.44,8.2,0.046,183,0.99584,0.51,9.4,5
5.6,0.15,0.31,5.3,0.038,79,0.9923,0.39,10.5,6
7.5,0.18,0.72,9.6,0.039,151,0.99802,0.46,8.9,5
7.2,0.17,0.41,1.6,0.052,126,0.99228,0.49,10.8,5
6.7,0.19,0.39,1,0.032,71,0.98912,0.38,13,7
6.3,0.25,0.22,3.3,0.048,161,0.99256,0.5,10.5,6
6.6,0.22,0.34,11.6,0.05,140,0.99526,0.4,10.8,5
6.6,0.45,0.43,7.2,0.064,186,0.9954,0.44,9.4,5
7.2,0.44,0.28,3.4,0.048,112,0.99188,0.37,11.3,7
6.3,0.25,0.22,3.3,0.048,161,0.99256,0.5,10.5,6
6.5,0.22,0.45,8,0.053,196,0.9959,0.48,9.1,6
7.3,0.26,0.3,9.3,0.05,154,0.99581,0.5,10.4,6
6.9,0.15,0.29,2.3,0.033,82,0.99132,0.58,11.2,7
6.5,0.22,0.29,7.4,0.028,87,0.99311,0.56,10.9,7
6.9,0.15,0.29,2.3,0.033,82,0.99132,0.58,11.2,7
5.8,0.2,0.34,1,0.035,86,0.98993,0.42,11.7,5
6.4,0.21,0.28,5.9,0.047,101,0.99278,0.4,11,6
6.9,0.33,0.26,5,0.027,143,0.9924,0.43,11.2,7
6.6,0.21,0.36,0.8,0.034,113,0.99165,0.68,10.5,6
7.3,0.21,0.33,1,0.037,144,0.9923,0.52,10.2,6
5.1,0.11,0.32,1.6,0.028,90,0.99008,0.52,12.2,6
5.6,0.19,0.46,1.1,0.032,115,0.9909,0.5,10.4,6
6.7,0.48,0.32,1.4,0.021,121,0.9889,0.53,12.7,7
5.4,0.23,0.36,1.5,0.03,121,0.98976,0.99,12.1,7
6.4,0.22,0.31,13.9,0.04,135,0.99672,0.38,10.7,5
5.9,0.32,0.33,2.1,0.027,138,0.98945,0.42,12.7,6
5.7,0.37,0.3,1.1,0.029,88,0.98883,0.39,11.7,6
7,0.28,0.32,7.75,0.032,114,0.99158,0.64,12.8,7
8.4,0.36,0.36,11.1,0.032,132,0.99313,0.39,13,6
7,0.31,0.39,7.5,0.055,218,0.99652,0.54,10.3,5
6.2,0.21,0.26,13.1,0.05,150,0.99772,0.46,9,5
5.7,0.21,0.25,1.1,0.035,81,0.9902,0.52,11.4,6
7.7,0.18,0.3,1.2,0.046,199,0.99413,0.38,9.3,5
6.9,0.14,0.38,1,0.041,81,0.99043,0.54,11.4,6
6.9,0.22,0.31,6.3,0.029,131,0.99326,0.49,10.8,6
6.6,0.22,0.29,14.4,0.046,118,0.99834,0.5,9.1,6
5.2,0.155,0.33,1.6,0.028,59,0.98975,0.84,11.9,8
6.6,0.22,0.29,14.4,0.046,118,0.99834,0.5,9.1,6
6.9,0.22,0.31,6.3,0.029,131,0.99326,0.49,10.8,6
6.8,0.26,0.46,8.3,0.037,173,0.99601,0.47,9.3,5
7.1,0.29,0.34,7.8,0.036,128,0.99397,0.4,10.7,6
4.9,0.33,0.31,1.2,0.016,150,0.98713,0.59,14,8
7.2,0.2,0.22,1.6,0.044,101,0.99471,0.53,10,5
6.1,0.27,0.25,1.8,0.041,109,0.9929,0.54,9,5
8.1,0.12,0.38,0.9,0.034,86,0.99026,0.55,12,6
7.2,0.2,0.22,1.6,0.044,101,0.99471,0.53,10,5
7.3,0.4,0.26,5.45,0.016,90,0.98951,0.54,13.2,7
7.7,0.11,0.34,14.05,0.04,114,0.99634,0.59,11,7
6.9,0.38,0.38,13.1,0.112,94,0.99792,0.48,9.2,5
7.5,0.38,0.29,4.9,0.021,113,0.99026,0.48,13,7
6.6,0.23,0.3,14.9,0.051,118,0.99835,0.54,9,6
7.3,0.26,0.24,1.7,0.05,112,0.99286,0.43,9.9,5
6.6,0.23,0.2,11.4,0.044,131,0.99604,0.51,9.7,6
6.7,0.36,0.26,7.9,0.034,123,0.99119,0.3,12.2,7
6.1,0.38,0.42,5,0.016,113,0.99007,0.31,12.4,7
7,0.2,0.31,8,0.05,213,0.99596,0.57,10.4,6
6.9,0.3,0.3,10.55,0.037,28,0.99184,0.32,12.7,6
6.7,0.18,0.28,10.2,0.039,115,0.99469,0.45,10.9,7
6.8,0.18,0.28,9.8,0.039,113,0.99406,0.45,10.9,7
6.3,0.37,0.28,6.3,0.034,152,0.9921,0.46,11.6,7
6.9,0.25,0.33,1.2,0.035,158,0.99082,0.58,11.3,6
6,0.32,0.3,1.3,0.025,112,0.98802,0.64,13.3,7
6.7,0.18,0.28,10.2,0.039,115,0.99469,0.45,10.9,7
6.2,0.16,0.32,1.1,0.036,184,0.99096,0.41,11,6
6.5,0.2,0.5,18.1,0.054,221,0.99941,0.64,8.8,6
6.6,0.22,0.36,5.5,0.029,105,0.99206,0.47,11.8,6
7,0.13,0.37,12.85,0.042,105,0.99581,0.55,10.7,6
7.2,0.32,0.3,8.25,0.02,104,0.99362,0.44,11.4,6
7,0.13,0.37,12.85,0.042,105,0.99581,0.55,10.7,6
7.1,0.47,0.29,14.8,0.024,142,0.99518,0.48,12,8
6.9,0.25,0.47,8.4,0.042,156,0.99604,0.55,9.4,6
7.7,0.18,0.53,1.2,0.041,167,0.9908,0.44,11.9,5
6.9,0.28,0.41,1.4,0.016,55,0.98876,0.4,13.4,5
6.2,0.25,0.38,7.9,0.045,208,0.99572,0.46,9.1,5
7.4,0.21,0.8,12.3,0.038,183,0.99778,0.48,9,5
6.1,0.18,0.38,2.3,0.033,111,0.98962,0.49,12.4,6
6.6,0.35,0.34,4.9,0.032,125,0.99253,0.81,12,5
8.5,0.19,0.48,1.1,0.026,58,0.99184,0.5,10.5,6
6.2,0.25,0.54,7,0.046,176,0.99454,0.7,10.4,5
5.8,0.31,0.32,4.5,0.024,94,0.98906,0.52,13.7,7
6.3,0.28,0.47,11.2,0.04,183,0.99592,0.51,9.5,6
7.6,0.27,0.52,3.2,0.043,152,0.99129,0.53,11.4,6
9.7,0.24,0.49,4.9,0.032,18,0.99368,0.54,10,6
6.7,0.34,0.4,2.1,0.033,111,0.98924,0.48,12.2,7
7,0.26,0.34,10.9,0.038,84,0.99432,0.34,10.9,6
6.5,0.29,0.26,7,0.04,113,0.99366,0.38,10.2,6
7.6,0.21,0.49,2.5,0.047,130,0.99178,0.48,11.1,5
7.7,0.26,0.51,2.6,0.045,159,0.99126,0.5,11.2,6
7.6,0.23,0.34,1.6,0.043,129,0.99305,0.7,10.4,5
6.5,0.24,0.39,17.3,0.052,126,0.99888,0.47,9.2,6
6.3,0.17,0.32,4.2,0.04,117,0.99182,0.43,11.3,6
7.6,0.3,0.38,2.1,0.043,98,0.99296,0.65,11,5
6.5,0.33,0.38,2.5,0.047,148,0.98964,0.43,12.7,6
6.6,0.25,0.35,2.9,0.034,121,0.99008,0.4,12.8,6
6.9,0.22,0.43,6.4,0.042,115,0.99293,0.51,10.8,6
5.8,0.39,0.47,7.5,0.027,88,0.9907,0.45,14,6
6.2,0.23,0.36,17.2,0.039,130,0.99946,0.43,8.8,6
7.6,0.25,1.23,4.6,0.035,294,0.99018,0.43,13.1,6
5.8,0.29,0.33,3.7,0.029,88,0.98994,0.42,12.3,6
6.5,0.34,0.46,1,0.023,80,0.98865,0.54,12.9,6
7.8,0.3,0.36,4.6,0.024,198,0.99222,0.66,11.9,6
7.3,0.2,0.39,2.3,0.048,87,0.99044,0.35,12,6
6.5,0.24,0.38,1,0.027,90,0.98926,0.36,12.3,6
6.5,0.21,0.4,7.3,0.041,115,0.99268,0.43,11,6
8.7,0.3,0.59,1.7,0.046,70,0.99373,0.56,10.8,4
6.6,0.19,0.33,1.8,0.035,148,0.99196,0.36,10.2,5
5.8,0.28,0.3,1.5,0.026,114,0.98952,0.6,12.5,7
7.6,0.24,0.44,3.8,0.037,146,0.9911,0.37,11.6,6
5.7,0.16,0.32,1.2,0.036,89,0.99111,0.48,11,5
6.4,0.22,0.38,9.1,0.044,127,0.99326,0.3,11,7
8.2,0.3,0.44,12.4,0.043,154,0.99452,0.33,12,6
5.2,0.335,0.2,1.7,0.033,74,0.99002,0.48,12.3,6
7.2,0.13,0.46,1.3,0.044,111,0.99127,0.45,11.1,5
6.5,0.29,0.25,2.5,0.142,111,0.9927,0.44,9.9,4
9,0.38,0.53,2.1,0.102,76,0.99001,0.57,12.9,5
6.6,0.16,0.34,1.1,0.037,115,0.9899,0.68,12,6
6.6,0.33,0.4,2.65,0.041,86,0.98916,0.39,13.3,7
5.7,0.2,0.3,2.5,0.046,125,0.99276,0.5,9.9,6
6.8,0.27,0.42,7.3,0.054,200,0.99556,0.49,9.4,6
6.2,0.2,0.26,1.1,0.047,119,0.99158,0.6,11,7
6.2,0.2,0.29,11.8,0.035,93,0.99364,0.34,11.9,6
6.4,0.23,0.35,4.6,0.039,147,0.99216,0.4,11,7
7.6,0.27,0.29,2.5,0.059,115,0.99328,0.37,9.8,5
6.6,0.34,0.24,3.3,0.034,99,0.99031,0.4,12.3,7
6.4,0.16,0.42,1,0.036,113,0.9908,0.52,11,6
5.8,0.3,0.42,1.1,0.036,113,0.98871,0.46,12.6,7
6.6,0.34,0.24,3.3,0.034,99,0.99031,0.4,12.3,7
5.3,0.3,0.16,4.2,0.029,100,0.9905,0.36,11.8,8
7.1,0.38,0.4,2.2,0.042,201,0.99177,0.5,11.4,5
7.4,0.19,0.31,14.5,0.045,193,0.9986,0.5,9.2,6
6.3,0.32,0.32,1.5,0.03,101,0.98923,0.42,13,5
7.6,0.19,0.32,18.75,0.047,193,1.00014,0.5,9.3,7
6.5,0.26,0.31,3.6,0.03,92,0.99026,0.62,12.6,8
4.2,0.215,0.23,5.1,0.041,157,0.99688,0.44,8,3
5.8,0.23,0.2,2,0.043,154,0.99226,0.39,10.2,6
6.6,0.38,0.36,9.2,0.061,214,0.9976,0.56,9.4,5
6.4,0.23,0.32,1.9,0.038,118,0.99074,0.53,11.8,7
6.6,0.23,0.3,4.6,0.06,154,0.99142,0.49,12.2,8
6.6,0.38,0.36,9.2,0.061,214,0.9976,0.56,9.4,5
7.4,0.16,0.32,1.4,0.065,140,0.99134,0.47,11.4,6
6.6,0.2,0.14,4.4,0.184,168,0.99396,0.45,9.4,6
6.8,0.23,0.31,2.8,0.047,122,0.99126,0.64,10.9,7
6.8,0.21,0.31,2.9,0.046,121,0.9913,0.65,10.9,7
7.8,0.25,0.37,1,0.043,80,0.99128,0.38,11.4,5
6.5,0.25,0.5,7.6,0.047,184,0.99572,0.45,9.2,5
6.8,0.32,0.32,8.7,0.029,105,0.99146,0.34,12.3,7
7.8,0.25,0.37,1,0.043,80,0.99128,0.38,11.4,5
6,0.32,0.3,1.9,0.033,142,0.98912,0.42,12.8,7
6.3,0.3,0.29,2.1,0.048,142,0.98956,0.46,12.9,7
5.9,0.24,0.28,1.3,0.032,95,0.98889,0.64,12.9,7
5.1,0.21,0.28,1.4,0.047,148,0.99168,0.49,10.4,5
7.5,0.29,0.36,15.7,0.05,124,0.9968,0.54,10.4,5
6.9,0.17,0.3,2,0.047,117,0.99152,0.51,11.6,6
6.9,0.38,0.29,13.65,0.048,189,0.99784,0.6,9.5,6
6.7,0.18,0.24,10.3,0.057,185,0.99519,0.5,10.6,6
7.2,0.27,0.28,15.2,0.046,41,0.99665,0.39,10.9,6
6.7,0.36,0.28,8.3,0.034,81,0.99151,0.39,12.5,6
5.3,0.32,0.23,9.65,0.026,119,0.99168,0.53,12.2,6
6.8,0.2,0.28,12.6,0.048,136,0.99556,0.37,10.7,6
6,0.22,0.33,12.2,0.033,97,0.99356,0.42,11.3,7
6.7,0.36,0.28,8.3,0.034,81,0.99151,0.39,12.5,6
6.6,0.18,0.28,1.7,0.041,161,0.99207,0.45,10.2,6
6.4,0.22,0.32,4.9,0.046,156,0.99316,0.55,11.2,6
8.8,0.39,0.35,1.8,0.096,80,0.99016,0.54,12.6,6
6.6,0.24,0.3,11.3,0.026,77,0.99381,0.55,12.8,7
7.7,0.46,0.18,3.3,0.054,143,0.99392,0.51,10.8,6
8.8,0.27,0.25,5,0.024,99,0.9925,0.49,11.4,5
5.8,0.18,0.28,1.3,0.034,94,0.99092,0.52,11.2,6
5.8,0.15,0.32,1.2,0.037,119,0.99137,0.5,10.2,6
5.6,0.32,0.33,7.4,0.037,95,0.99268,0.49,11.1,6
6,0.14,0.17,5.6,0.036,127,0.99373,0.57,9.8,6
8.9,0.3,0.35,4.6,0.032,148,0.99458,0.45,11.5,7
7.2,0.37,0.4,11.6,0.032,214,0.9963,0.51,9.8,6
6.1,0.3,0.3,2.1,0.031,163,0.9895,0.43,12.7,7
6.4,0.32,0.27,4.9,0.034,122,0.9916,0.71,12.5,6
7.1,0.17,0.4,14.55,0.047,156,0.99945,0.78,9.1,6
7.1,0.17,0.4,14.55,0.047,156,0.99945,0.78,9.1,6
7.1,0.18,0.39,15.25,0.047,158,0.99946,0.77,9.1,6
6.5,0.24,0.28,1.1,0.034,83,0.98928,0.33,12.3,6
6.9,0.24,0.23,7.1,0.041,97,0.99246,0.85,11.4,6
6.7,0.4,0.22,8.8,0.052,113,0.99576,0.45,9.4,5
6,0.16,0.22,1.6,0.042,106,0.9905,0.32,11.4,6
6.6,0.15,0.32,6,0.033,128,0.99192,0.71,12.1,8
6,0.17,0.29,9.7,0.044,98,0.99536,0.36,9.2,6
6.7,0.47,0.29,4.75,0.034,134,0.99056,0.46,13,7
6.6,0.21,0.29,5.35,0.029,106,0.99112,0.43,11.5,7
5.6,0.34,0.3,6.9,0.038,89,0.99266,0.49,11.1,6
5.8,0.54,0,1.4,0.033,107,0.98918,0.35,12.4,5
7.3,0.23,0.24,0.9,0.031,86,0.98926,0.38,12.2,6
6.8,0.17,0.34,2,0.04,111,0.99,0.45,12.9,6
6.2,0.3,0.31,1.6,0.035,106,0.98914,0.39,12.9,7
6.6,0.24,0.27,10.3,0.047,219,0.99742,0.45,8.8,5
7.6,0.22,0.28,12,0.056,143,0.9983,0.3,9.2,6
6.7,0.24,0.3,3.85,0.042,179,0.99189,0.59,11.3,8
6.8,0.19,0.4,9.85,0.055,103,0.99532,0.56,10.5,6
6.7,0.16,0.36,2,0.045,131,0.99284,0.59,10.5,6
6.5,0.3,0.27,4,0.038,97,0.99026,0.6,12.6,8
5.8,0.22,0.3,1.1,0.047,131,0.992,0.45,10.4,5
6.1,0.36,0.26,8.15,0.035,88,0.99031,0.27,13,7
7.5,0.21,0.32,4.8,0.056,113,0.99393,0.52,10.2,7
6.7,0.28,0.31,7.4,0.041,81,0.99254,0.47,11.4,8
7.6,0.31,0.24,1.8,0.037,150,0.9913,0.44,11.8,7
6,0.28,0.27,15.5,0.036,134,0.99408,0.44,13,7
6.7,0.24,0.36,8.4,0.042,123,0.99473,0.52,10.9,6
6,0.24,0.28,3.95,0.038,134,0.99146,0.54,11.3,7
6.1,0.33,0.3,3,0.036,124,0.98922,0.4,13.1,7
7.5,0.33,0.28,4.9,0.042,155,0.99385,0.57,10.9,6
6.4,0.26,0.25,10.7,0.046,179,0.99606,0.55,9.9,6
7,0.22,0.24,11,0.041,167,0.99508,0.56,10.5,6
6.5,0.19,0.28,1.4,0.046,90,0.99038,0.51,11.7,7
6.3,0.21,0.31,1.2,0.043,117,0.99158,0.68,11,6
7.9,0.35,0.28,12.9,0.032,63,0.9932,0.43,13,6
6.6,0.29,0.29,1.8,0.036,102,0.98819,0.42,13.7,7
8.9,0.27,0.28,0.8,0.024,128,0.98984,0.35,12.4,6
7.1,0.35,0.27,3.1,0.034,134,0.9897,0.38,13.1,7
6.4,0.28,0.44,7.1,0.048,179,0.99528,0.48,9.2,5
6.2,0.47,0.19,8.3,0.029,142,0.992,0.45,12.3,6
8.1,0.2,0.28,0.9,0.023,87,0.99062,0.36,11.1,6
7.6,0.37,0.34,3.2,0.028,162,0.9903,0.33,12.4,6
6.6,0.64,0.28,4.4,0.032,78,0.99036,0.62,12.9,6
7.8,0.15,0.34,1.1,0.035,93,0.99096,0.72,11.3,7
8,0.25,0.27,9.7,0.036,85,0.99406,0.36,11.2,6
5.9,0.655,0,5.6,0.033,31,0.9936,0.51,10.5,4
8.1,0.17,0.21,1.6,0.036,119,0.99396,0.52,10.1,6
7.5,0.3,0.21,6.55,0.026,143,0.99244,0.35,11.1,5
7.2,0.26,0.24,7,0.023,130,0.99176,0.49,12.8,7
6.3,0.32,0.32,1.5,0.037,76,0.98993,0.46,12.3,6
5.8,0.28,0.28,4.2,0.044,158,0.992,0.44,10.7,7
5.6,0.28,0.27,3.9,0.043,158,0.99202,0.44,10.7,7
5.6,0.28,0.28,4.2,0.044,158,0.992,0.44,10.7,7
7.2,0.16,0.29,1,0.031,123,0.98958,0.4,12.1,7
6.6,0.19,0.28,11.8,0.042,137,0.99492,0.37,10.8,6
7,0.32,0.27,7.1,0.027,122,0.99165,0.6,12.6,7
7.4,0.36,0.23,1.9,0.017,69,0.9892,0.36,12.5,6
6.7,0.35,0.48,8.8,0.056,167,0.99628,0.47,9.4,5
6.8,0.14,0.18,1.4,0.047,90,0.99164,0.54,11.2,6
7,0.16,0.25,14.3,0.044,149,0.998,0.46,9.2,6
7.2,0.24,0.3,1.2,0.037,95,0.98914,0.36,12.5,6
6.8,0.45,0.28,26.05,0.031,122,1.00295,0.42,10.6,6
6.3,0.2,0.26,4.7,0.04,168,0.99278,0.75,10.7,7
6.6,0.36,0.28,6.1,0.029,93,0.99054,0.27,12.8,7
6.4,0.29,0.32,2.4,0.014,89,0.99008,0.66,12.5,7
5.9,0.18,0.28,5.1,0.039,139,0.99165,0.44,11.3,6
7.3,0.31,0.25,6.65,0.032,138,0.99244,0.37,11.1,5
6.9,0.19,0.6,4,0.037,122,0.99255,0.59,10.4,4
6.3,0.32,0.17,17.75,0.06,190,0.99916,0.48,8.8,6
6.3,0.32,0.17,17.75,0.06,190,0.99916,0.48,8.8,6
7.1,0.28,0.28,8.5,0.03,191,0.99338,0.46,12.2,7
5.7,0.15,0.47,11.4,0.035,128,0.99456,0.34,10.5,8
5.4,0.53,0.16,2.7,0.036,128,0.98856,0.53,13.2,8
5,0.29,0.54,5.7,0.035,155,0.98976,0.34,12.9,8
5.3,0.3,0.3,1.2,0.029,93,0.98742,0.4,13.6,7
7.1,0.2,0.27,9.6,0.037,105,0.99444,0.37,10.5,7
7,0.22,0.26,9.2,0.027,122,0.99228,0.34,12.5,8
6.4,0.16,0.44,1.2,0.051,122,0.99058,0.75,11.3,7
6.8,0.15,0.41,12.9,0.044,183,0.99742,0.78,10.2,6
6.8,0.31,0.3,8,0.028,122,0.99164,0.63,12.6,7
7.1,0.21,0.35,2.5,0.04,186,0.99128,0.56,12.5,6
7,0.22,0.26,9.2,0.027,122,0.99228,0.34,12.5,8
6.8,0.31,0.3,8,0.028,122,0.99164,0.63,12.6,7
6.4,0.15,0.4,1.3,0.053,146,0.99112,0.68,11,6
6.4,0.16,0.44,1.2,0.051,122,0.99058,0.75,11.3,7
6.8,0.15,0.41,12.9,0.044,182,0.99742,0.78,10.2,6
7.6,0.3,0.37,1.6,0.087,177,0.99438,0.5,9.8,5
6.6,0.26,0.22,18.15,0.05,139,0.99904,0.5,9.2,5
7.5,0.24,0.31,13.1,0.05,180,0.99884,0.53,9.1,6
7.5,0.24,0.31,13.1,0.05,180,0.99884,0.53,9.1,6
7.5,0.24,0.31,13.1,0.05,180,0.99884,0.53,9.1,6
6.6,0.15,0.34,1,0.037,79,0.98949,0.5,11.7,6
6.5,0.35,0.38,7.4,0.036,196,0.99712,0.48,9.1,6
6.6,0.26,0.22,18.15,0.05,139,0.99904,0.5,9.2,5
7.7,0.3,0.23,2,0.068,138,0.99382,0.62,9.8,5
5.4,0.255,0.33,1.2,0.051,122,0.99048,0.66,11.3,6
7,0.34,0.26,10.3,0.041,166,0.99382,0.35,11.6,6
7.5,0.28,0.41,1.3,0.044,126,0.99293,0.45,10.3,5
7,0.15,0.28,14.7,0.051,149,0.99792,0.39,9,7
6.8,0.22,0.3,10.6,0.07,194,0.99654,0.42,9,6
6.3,0.28,0.29,6.8,0.051,143,0.99374,0.59,11,6
6.6,0.27,0.33,1.4,0.042,183,0.99215,0.46,10.7,5
5.5,0.17,0.23,2.9,0.039,108,0.99243,0.5,10,5
6.5,0.26,0.34,1.4,0.04,184,0.99216,0.46,10.7,5
7.4,0.2,0.35,6.1,0.025,40,0.99244,0.52,10.9,5
6.9,0.4,0.17,12.9,0.033,186,0.99754,0.49,9.4,5
5,0.61,0.12,1.3,0.009,100,0.9874,0.37,13.5,5
6.5,0.33,0.28,6.1,0.018,103,0.99122,0.32,12.2,6
6.9,0.33,0.31,7.7,0.04,135,0.99226,0.57,12.3,5
7.4,0.25,0.29,6.8,0.02,113,0.99338,0.29,10.8,6
7.6,0.27,0.3,9.2,0.018,96,0.9938,0.29,11,6
6.5,0.25,0.27,17.4,0.064,140,0.99776,0.49,10.1,6
6.4,0.27,0.45,8.3,0.05,196,0.9955,0.48,9.5,5
6.8,0.25,0.3,11.8,0.043,133,0.99524,0.58,10.4,6
5.5,0.24,0.45,1.7,0.046,113,0.99224,0.48,10,5
7,0.39,0.21,10.7,0.098,91,0.99657,0.47,9.3,5
7,0.3,0.28,2.2,0.042,177,0.99166,0.57,11.4,5
7.9,0.21,0.39,2,0.057,138,0.99176,0.52,10.9,5
7.2,0.17,0.34,6.4,0.042,111,0.99278,0.4,10.8,6
6.9,0.21,0.62,6.3,0.042,109,0.99358,0.59,10.2,6
7.2,0.17,0.34,6.4,0.042,111,0.99278,0.4,10.8,6
7.9,0.21,0.39,2,0.057,138,0.99176,0.52,10.9,5
6.3,0.43,0.32,8.8,0.042,106,0.99172,0.33,12.9,7
5.1,0.35,0.26,6.8,0.034,120,0.99188,0.4,11.5,6
7.1,0.44,0.23,5.8,0.035,100,0.99062,0.57,13.2,7
7,0.15,0.29,16.4,0.058,110,0.9978,0.37,9.7,6
8,0.27,0.33,1.2,0.05,103,0.99002,0.45,12.4,6
6.5,0.41,0.22,4.8,0.052,142,0.9946,0.62,9.2,5
6.7,0.37,0.25,2.5,0.028,84,0.9909,0.36,11.7,6
6.7,0.37,0.25,2.5,0.028,84,0.9909,0.36,11.7,6
6.7,0.24,0.32,9,0.023,109,0.99262,0.35,12.6,6
5.9,0.17,0.29,3.1,0.03,123,0.98913,0.33,13.7,7
5.9,0.2,0.23,1.5,0.037,93,0.99021,0.49,12,6
6.5,0.27,0.19,6.6,0.045,175,0.99364,0.34,10.1,6
8.4,0.23,0.32,1.3,0.048,113,0.99178,0.55,11,6
6.1,0.23,0.27,9.8,0.055,134,0.99534,0.4,10.2,6
7.3,0.36,0.54,13.3,0.054,193,0.99864,0.49,8.6,4
7.6,0.37,0.51,11.7,0.094,181,0.99776,0.51,9,5
6.8,0.73,0.2,6.6,0.054,65,0.99324,0.28,11.1,4
7.1,0.2,0.37,1.5,0.049,129,0.99226,0.52,10.8,5
6,0.28,0.24,17.8,0.047,111,0.99896,0.45,8.9,6
7.1,0.2,0.37,1.5,0.049,129,0.99226,0.52,10.8,5
7,0.34,0.1,3.5,0.044,63,0.9937,0.39,9.2,5
4.8,0.65,0.12,1.1,0.013,10,0.99246,0.36,13.5,4
6.5,0.33,0.3,3.8,0.036,88,0.99028,0.63,12.5,7
4.7,0.455,0.18,1.9,0.036,106,0.98746,0.83,14,7
7.4,0.25,0.37,2.6,0.05,132,0.99138,0.53,11.2,6
6.7,0.31,0.3,2.4,0.038,83,0.98867,0.36,12.8,7
8.6,0.22,0.33,1.2,0.031,95,0.99239,0.31,10.3,5
6.6,0.32,0.47,15.6,0.063,173,0.99872,0.56,9,5
6.2,0.3,0.28,1.6,0.036,106,0.988245,0.41,13.3,6
6.2,0.27,0.32,6.3,0.048,159,0.99282,0.6,11,6
6.9,0.4,0.37,8.9,0.053,148,0.996,0.5,9.3,5
7.2,0.23,0.39,1.5,0.053,106,0.99166,0.47,11.1,6
6.4,0.2,0.15,6.6,0.046,113,0.99408,0.58,9.9,6
6,0.3,0.33,2.1,0.042,127,0.98964,0.42,12.5,6
6.1,0.3,0.32,2.2,0.042,142,0.98952,0.44,12.7,7
6.3,0.33,0.2,17.9,0.066,161,0.9991,0.51,8.8,5
8.4,0.22,0.3,1.3,0.038,122,0.99178,0.54,10.8,7
5.4,0.24,0.18,2.3,0.05,145,0.99207,0.46,10.3,5
7.7,0.31,0.36,4.3,0.026,87,0.99152,0.48,12,5
7.3,0.38,0.23,6.5,0.05,102,0.99304,0.55,11.2,4
5.4,0.185,0.19,7.1,0.048,110,0.99438,0.41,9.5,6
6.4,0.17,0.3,2.8,0.034,125,0.99152,0.49,10.4,6
6.8,0.37,0.67,1.5,0.175,98,0.99244,0.56,10.3,6
6.9,0.27,0.25,7.5,0.03,117,0.99116,0.38,13,6
6.5,0.29,0.52,1.7,0.034,193,0.99223,0.59,10.4,6
6.1,0.22,0.25,12.1,0.035,135,0.99481,0.4,10.7,5
7,0.32,0.29,7.6,0.025,124,0.99162,0.65,12.8,7
6.8,0.11,0.27,8.6,0.044,104,0.99454,0.37,9.9,6
6.8,0.11,0.27,8.6,0.044,104,0.99454,0.37,9.9,6
6.7,0.28,0.34,8.9,0.048,111,0.99455,0.54,11,7
6.4,0.24,0.49,5.8,0.053,120,0.9942,0.98,10.5,6
6.4,0.24,0.49,5.8,0.053,120,0.9942,0.98,10.5,6
6.4,0.24,0.49,5.8,0.053,120,0.9942,0.98,10.5,6
6.4,0.25,0.57,1,0.062,122,0.99238,0.4,9.5,5
5.4,0.15,0.32,2.5,0.037,51,0.98878,0.58,12.6,6
6.5,0.46,0.24,11.5,0.051,171,0.99588,0.56,9.8,6
5.9,0.23,0.24,1.6,0.037,115,0.99076,0.51,11.4,6
6.2,0.32,0.12,4.8,0.054,97,0.99424,0.5,9.3,5
7.2,0.4,0.24,8.5,0.055,151,0.99626,0.52,9.2,5
7.6,0.19,0.37,13.1,0.033,151,0.99726,0.79,10.4,6
6.2,0.32,0.45,2.9,0.029,94,0.98998,0.6,12.4,6
7.6,0.19,0.37,13.1,0.033,151,0.99726,0.79,10.4,6
6.1,0.28,0.3,7.75,0.031,139,0.99296,0.46,11,6
6.9,0.19,0.38,1.15,0.023,105,0.99047,0.38,11.4,5
6.4,0.2,0.22,7.4,0.032,172,0.99404,0.58,11,6
7.3,0.34,0.22,1.4,0.044,176,0.99286,0.46,9.9,5
6.4,0.29,0.57,1,0.06,120,0.9924,0.41,9.5,5
6.1,1.1,0.16,4.4,0.033,109,0.99058,0.47,12.4,4
6.3,0.24,0.29,1.6,0.052,185,0.9934,0.5,9.4,5
6.2,0.24,0.22,7.9,0.053,149,0.99545,0.52,9.3,5
7.4,0.16,0.27,15.5,0.05,135,0.9984,0.43,8.7,7
6.9,0.19,0.35,13.5,0.038,118,0.99546,0.63,10.7,6
6.9,0.19,0.35,13.5,0.038,118,0.99546,0.63,10.7,6
7.4,0.16,0.27,15.5,0.05,135,0.9984,0.43,8.7,7
7.4,0.16,0.27,15.5,0.05,135,0.9984,0.43,8.7,7
6.8,0.3,0.27,11.6,0.028,97,0.99314,0.38,11.7,6
6.5,0.43,0.18,13.15,0.032,131,0.99565,0.51,10.7,5
6.8,0.16,0.36,1.3,0.034,98,0.99058,0.58,11.3,6
6.1,0.17,0.21,1.9,0.09,130,0.99255,0.41,9.7,5
5.5,0.28,0.21,1.6,0.032,85,0.99027,0.42,12.5,5
6.6,0.5,0.26,11.3,0.029,110,0.99302,0.78,12.9,8
7.1,0.44,0.27,8.4,0.057,160,0.99257,0.36,11.8,6
7.5,0.16,0.38,12.7,0.043,163,0.99706,0.82,10.4,7
5.7,0.25,0.21,1.5,0.044,108,0.99142,0.59,11,6
5.8,0.23,0.21,1.5,0.044,110,0.99138,0.57,11,6
5.4,0.265,0.28,7.8,0.052,91,0.99432,0.38,10.4,6
7.4,0.26,0.29,3.7,0.048,73,0.9915,0.45,11.4,6
6.6,0.41,0.27,10.7,0.11,103,0.99672,0.41,9,6
6.4,0.25,0.28,4.9,0.03,98,0.99024,0.58,12.8,7
6.6,0.41,0.27,10.7,0.11,103,0.99672,0.41,9,6
6.4,0.14,0.28,7.9,0.057,82,0.99425,0.36,10,6
6.4,0.5,0.2,2.4,0.059,112,0.99314,0.4,9.2,6
5.3,0.23,0.56,0.9,0.041,141,0.99119,0.62,9.7,5
5.5,0.21,0.25,1.2,0.04,75,0.99006,0.56,11.3,6
6,0.2,0.25,2,0.041,95,0.99078,0.56,11.1,6
7.5,0.21,0.29,1.5,0.046,107,0.99123,0.45,11.3,6
7.3,0.26,0.32,1.2,0.041,94,0.98978,0.45,12,6
7.4,0.28,0.5,12.1,0.049,122,0.9973,0.44,9,5
6.3,0.18,0.22,5.6,0.047,147,0.99383,0.54,10,5
6.8,0.27,0.28,7.8,0.038,89,0.9915,0.34,12.5,6
6.6,0.23,0.32,1.5,0.041,72,0.98949,0.39,12.7,6
6.8,0.28,0.29,11.9,0.052,149,0.99544,0.58,10.4,6
6.8,0.28,0.29,11.9,0.052,149,0.99544,0.58,10.4,6
5.9,0.27,0.27,9,0.051,136,0.9941,0.53,10.7,6
6.1,0.25,0.28,10,0.055,131,0.994,0.35,10.9,6
7.1,0.13,0.29,15.5,0.064,115.5,0.99737,0.41,9.7,7
5.8,0.24,0.28,1.4,0.038,76,0.98711,0.29,13.9,7
7.6,0.48,0.31,9.4,0.046,194,0.99714,0.61,9.4,5
6.2,0.32,0.5,6.5,0.048,186,0.9948,0.45,9.6,5
7.4,0.16,0.3,13.7,0.056,168,0.99825,0.44,8.7,7
7.4,0.16,0.3,13.7,0.056,168,0.99825,0.44,8.7,7
7.2,0.26,0.38,1.5,0.061,120,0.99192,0.46,10.4,5
7.4,0.16,0.3,13.7,0.056,168,0.99825,0.44,8.7,7
6.2,0.3,0.3,2.5,0.041,82,0.99065,0.61,11.8,7
5.3,0.33,0.3,1.2,0.048,119,0.99045,0.62,11.3,6
7.8,0.27,0.35,1.2,0.05,140,0.99138,0.45,11.2,5
6.3,0.3,0.48,7.4,0.053,149,0.99472,0.53,9.8,5
5.9,0.32,0.2,14.4,0.05,144,0.99666,0.41,10.3,6
7.1,0.38,0.42,11.8,0.041,193,0.99624,0.49,10,6
6.3,0.28,0.34,8.1,0.038,129,0.99248,0.29,12.1,6
5.2,0.2,0.27,3.2,0.047,93,0.99235,0.53,10.1,7
6.3,0.26,0.25,5.2,0.046,133,0.99202,0.68,11,6
6,0.22,0.23,5,0.045,122,0.99261,0.63,10,6
7.5,0.35,0.37,2.5,0.066,89,0.98964,0.42,12.7,6
6.3,0.23,0.33,6.9,0.052,118,0.9938,0.46,10.4,6
6.3,0.22,0.3,2,0.05,120,0.99204,0.47,10.4,6
6.4,0.29,0.18,15,0.04,116,0.99736,0.5,9.2,5
5.7,0.28,0.36,1.8,0.041,90,0.99002,0.98,11.9,7
6.8,0.26,0.26,2,0.019,72,0.99041,0.47,11.8,6
5.7,0.18,0.26,2.2,0.023,95,0.9893,0.54,12.3,6
5.5,0.23,0.19,2.2,0.044,161,0.99209,0.43,10.4,6
5.3,0.47,0.1,1.3,0.036,74,0.99082,0.54,11.2,4
5.8,0.32,0.23,1.5,0.033,121,0.9887,0.35,12,5
6.2,0.36,0.22,5.25,0.038,145,0.99184,0.4,11.2,6
6,0.31,0.27,2.3,0.042,120,0.98952,0.41,12.7,7
6.9,0.42,0.2,15.4,0.043,201,0.99848,0.54,9.4,5
5.7,0.22,0.2,16,0.044,113,0.99862,0.46,8.9,6
5.7,0.22,0.2,16,0.044,113,0.99862,0.46,8.9,6
6,0.2,0.26,6.8,0.049,93,0.9928,0.42,11,6
7,0.2,0.33,4.7,0.03,76,0.99202,0.54,10.5,6
6.6,0.26,0.27,11.8,0.048,112,0.99606,0.49,9.7,6
5.7,0.26,0.24,17.8,0.059,124,0.99773,0.5,10.1,5
7.2,0.21,0.36,15.7,0.045,183,0.99922,0.76,9.4,5
7.2,0.21,0.36,15.7,0.045,183,0.99922,0.76,9.4,5
6.9,0.22,0.32,5.8,0.041,119,0.99296,0.55,11.2,6
5.6,0.26,0,10.2,0.038,111,0.99315,0.46,12.4,6
6.3,0.28,0.3,6.6,0.208,154,0.99478,0.4,9.4,6
7.2,0.34,0.23,8.9,0.105,155,0.99692,0.58,9.5,5
6.9,0.26,0.29,4.2,0.043,114,0.9902,0.31,12.5,6
5.9,0.25,0.24,7.4,0.044,113,0.99462,0.58,10.5,6
6.2,0.26,0.29,2,0.036,87,0.99081,0.61,11.8,6
7.1,0.23,0.28,1.9,0.046,103,0.98997,0.31,12,5
6.9,0.26,0.29,4.2,0.043,114,0.9902,0.31,12.5,6
6.3,0.41,0.22,7.3,0.035,117,0.99172,0.39,11.94,7
6.7,0.41,0.24,5.4,0.035,115,0.9901,0.44,12.8933333333333,7
6.7,0.41,0.24,5.4,0.035,115,0.9901,0.44,12.8933333333333,7
7.4,0.16,0.33,1.2,0.042,121,0.99198,0.68,10.5,7
6.4,0.24,0.26,8.2,0.054,182,0.99538,0.5,9.5,5
6.4,0.24,0.26,8.2,0.054,182,0.99538,0.5,9.5,5
6.4,0.24,0.26,8.2,0.054,182,0.99538,0.5,9.5,5
7.3,0.19,0.27,13.9,0.057,155,0.99807,0.41,8.8,8
7.3,0.19,0.27,13.9,0.057,155,0.99807,0.41,8.8,8
6.8,0.24,0.29,2,0.044,96,0.99232,0.64,10.4,8
5.7,0.28,0.35,1.2,0.052,141,0.99108,0.69,11.3,6
5.8,0.22,0.25,1.5,0.024,109,0.99234,0.58,10.4,6
7.1,0.2,0.35,3.2,0.034,107,0.99195,0.54,11.1,6
7.3,0.28,0.35,1.6,0.054,148,0.99178,0.47,10.7,5
7.4,0.16,0.3,1.4,0.064,166,0.99136,0.42,11.4333333333333,6
6.4,0.31,0.27,7.4,0.049,169,0.99323,0.45,11.1,6
6.2,0.29,0.29,5.6,0.046,178,0.99313,0.51,10.5333333333333,5
5.9,0.28,0.34,3.6,0.04,194,0.9912,0.52,11.6,6
7.2,0.34,0.2,5.8,0.062,203,0.99461,0.44,9.8,6
7.3,0.28,0.35,1.6,0.054,148,0.99178,0.47,10.7,5
6.2,0.24,0.27,2.9,0.039,123,0.98959,0.37,12.8,6
7.1,0.31,0.25,11.2,0.048,136,0.99663,0.4,9.5,5
5.9,0.29,0.28,3.2,0.035,117,0.98959,0.42,12.6,6
6.5,0.22,0.19,4.5,0.096,115,0.9937,0.44,9.6,5
7,0.23,0.28,2.7,0.053,92,0.99372,0.56,9.3,5
7.1,0.23,0.23,3.5,0.038,112,0.99157,0.37,11.3666666666667,6
6.1,0.26,0.28,1.7,0.043,98,0.98918,0.44,12.5,6
6.1,0.34,0.21,5,0.042,133,0.99373,0.53,9.4,5
6.5,0.13,0.27,2.6,0.035,76,0.9914,0.76,11.3333333333333,6
6.3,0.28,0.22,9.5,0.04,111,0.99338,0.31,10.8,4
7.3,0.22,0.37,15.5,0.048,203,0.99899,0.77,9.4,5
6.2,0.25,0.44,15.8,0.057,167,0.99804,0.51,9.2,5
6.4,0.18,0.28,17.05,0.047,139,0.99724,0.35,10.5,6
6.3,0.2,0.26,12.7,0.046,143,0.99526,0.35,10.8,6
7.4,0.27,0.26,11.8,0.053,173,0.99699,0.6,9.8,5
5.2,0.22,0.46,6.2,0.066,187,0.99362,0.42,9.73333333333333,5
5.9,0.29,0.16,7.9,0.044,197,0.99512,0.36,9.4,5
6.3,0.29,0.29,3.3,0.037,140,0.9895,0.36,12.8,7
7.1,0.27,0.27,10.4,0.041,114,0.99335,0.52,11.5,7
6.3,0.305,0.22,16,0.061,141,0.99824,0.5,9.1,5
6.6,0.22,0.23,17.3,0.047,118,0.99906,0.46,8.8,6
6.6,0.22,0.23,17.3,0.047,118,0.99906,0.46,8.8,6
6.6,0.22,0.23,17.3,0.047,118,0.99906,0.46,8.8,6
6.2,0.22,0.28,2.2,0.04,125,0.9917,0.48,10.5,6
6.2,0.22,0.28,2.2,0.04,125,0.9917,0.48,10.5,6
6.6,0.22,0.23,17.3,0.047,118,0.99906,0.46,8.8,6
6.1,0.22,0.5,6.6,0.045,122,0.99415,0.49,9.9,6
6.3,0.32,0.26,12.3,0.044,205,0.99611,0.58,9.9,5
6.9,0.44,0.27,5,0.038,166,0.99124,0.42,12.2,6
6.6,0.38,0.28,2.8,0.043,67,0.98924,0.47,13.2,6
6.9,0.56,0.26,10.9,0.06,193,0.9969,0.44,9.4,5
6.5,0.29,0.3,9.15,0.051,166,0.99339,0.56,11.35,6
7.2,0.47,0.16,5.9,0.048,125,0.99428,0.49,9.8,5
6.7,0.34,0.31,16.4,0.051,146,0.99834,0.54,9.1,5
7.2,0.47,0.16,5.9,0.048,125,0.99428,0.49,9.8,5
5,0.35,0.25,7.8,0.031,116,0.99241,0.4,11.3,6
6.3,0.3,0.19,7.7,0.049,184,0.99514,0.48,9.5,5
7.1,0.42,0.2,2.8,0.038,109,0.98968,0.47,13.4,6
6.6,0.26,0.56,15.4,0.053,141,0.9981,0.49,9.3,5
6,0.2,0.38,1.3,0.034,104,0.98865,0.52,12.7,6
6.4,0.32,0.26,7.9,0.05,180,0.99514,0.5,9.6,5
5.9,0.22,0.45,22.6,0.12,122,0.99636,0.35,12.8,5
6.7,0.31,0.33,2,0.033,74,0.99064,0.65,12.5,6
6.4,0.15,0.25,7.8,0.05,68,0.99394,0.4,9.9,6
6.7,0.48,0.49,2.9,0.03,122,0.98926,0.4,13,6
5.8,0.3,0.33,3.5,0.033,116,0.99057,0.44,11.7,6
6.1,0.28,0.23,4.2,0.038,95,0.98898,0.7,13.1,6
6,0.19,0.37,9.7,0.032,50,0.9932,0.66,12,6
6.8,0.31,0.25,10.5,0.043,165,0.9972,0.55,10.55,6
5.8,0.61,0.01,8.4,0.041,104,0.9909,0.72,14.05,7
6.4,0.28,0.23,6,0.051,162,0.994,0.52,10.2,5
6.1,0.27,0.32,1.1,0.034,110,0.9898,0.4,12.5,6
6.8,0.4,0.29,2.8,0.044,97,0.9904,0.42,11.2,6
6.8,0.17,0.17,5.1,0.049,82,0.993,0.38,9.8,6
6.6,0.16,0.25,9.8,0.049,137,0.995,0.38,10,6
5.8,0.27,0.22,12.7,0.058,206,0.9946,0.38,12.3,6
6.4,0.37,0.19,3.5,0.068,101,0.9934,0.38,9,6
7.3,0.26,0.53,12.7,0.047,164.5,0.9984,0.45,9.1,6
7.3,0.28,0.54,12.9,0.049,152,0.9984,0.45,9.1,6
6.9,0.28,0.37,9.1,0.037,76,0.9948,0.54,11.1,5
6.8,0.23,0.33,1.9,0.047,101,0.9914,0.46,11.1,6
7,0.23,0.32,1.8,0.048,113,0.9915,0.47,11.1,6
6,0.23,0.34,1.3,0.025,111,0.98961,0.37,12.7,6
5.4,0.27,0.22,4.6,0.022,107,0.98889,0.54,13.8,6
5.6,0.18,0.3,10.2,0.028,131,0.9954,0.42,10.8,7
5.8,0.29,0.15,1.1,0.029,83,0.9898,0.4,11.4,6
6.8,0.32,0.23,3.3,0.026,99,0.9896,0.4,12.4,6
5.9,0.3,0.29,1.1,0.036,56,0.9904,0.38,11.3,5
6.3,0.15,0.34,11.4,0.05,96,0.99754,0.49,10,6
4.8,0.13,0.32,1.2,0.042,98,0.9898,0.64,11.8,7
6,0.2,0.26,14.7,0.045,125,0.998365,0.69,9.4,6
5.7,0.2,0.24,13.8,0.047,112,0.99837,0.66,8.8,6
5.9,0.34,0.25,2,0.042,110,0.99034,0.54,11.4,6
6.4,0.3,0.33,5.2,0.05,137,0.99304,0.58,11.1,5
5.4,0.29,0.38,1.2,0.029,132,0.98895,0.36,12.4,6
6.7,0.45,0.3,5.3,0.036,165,0.99122,0.46,12.2,6
6.5,0.36,0.31,13.55,0.053,113,0.99544,0.56,11,6
6.4,0.17,0.34,13.4,0.044,139,0.99752,0.43,9.1,6
5,0.33,0.18,4.6,0.032,124,0.99114,0.4,11,6
6.8,0.38,0.29,9.9,0.037,146,0.99326,0.37,11.5,6
6.5,0.29,0.32,3,0.036,93,0.9906,0.59,12,6
6.6,0.28,0.3,12.9,0.033,177,0.99479,0.39,11.2,6
6,0.615,0.04,0.8,0.032,50,0.99036,0.4,11,4
5.9,0.44,0.36,2.5,0.03,73,0.99201,0.48,10.8,6
5.8,0.34,0.21,7.2,0.041,146,0.99441,0.49,9.8,5
6.1,0.44,0.28,4.25,0.032,132,0.9916,0.47,11.3,7
6.5,0.5,0.22,4.1,0.036,131,0.9902,0.55,13,7
6.5,0.51,0.25,1.7,0.048,177,0.99212,0.57,10.6,5
6,0.29,0.41,10.8,0.048,149,0.9937,0.59,10.9666666666667,7
6.6,0.25,0.25,1.3,0.04,85,0.98984,0.48,11.2,6
7.3,0.17,0.36,8.2,0.028,111,0.99272,0.41,12.4,6
7.3,0.17,0.36,8.2,0.028,111,0.99272,0.41,12.4,6
6.1,0.16,0.34,6.1,0.034,114,0.99365,0.58,10.15,7
6.6,0.285,0.49,11.4,0.035,137,0.99732,0.54,8.9,6
4.9,0.335,0.14,1.3,0.036,168,0.99212,0.46,10.4666666666667,5
5.7,0.21,0.37,4.5,0.04,140,0.99332,0.62,10.6,6
4.7,0.335,0.14,1.3,0.036,168,0.99212,0.46,10.5,5
6.8,0.63,0.04,1.3,0.058,133,0.99271,0.39,10.2,4
5.6,0.27,0.37,0.9,0.025,49,0.98845,0.33,13.1,6
6.5,0.33,0.32,1,0.041,120,0.99004,0.37,12.2,6
6.7,0.16,0.32,12.5,0.035,156,0.99666,0.36,9,6
6.7,0.16,0.32,12.5,0.035,156,0.99666,0.36,9,6
6.9,0.19,0.31,19.25,0.043,167,0.99954,0.52,9.1,7
6.4,0.69,0.09,7.6,0.044,144,0.9948,0.38,10.1,6
6.3,0.36,0.5,8.3,0.053,202,0.9955,0.51,9.6,6
5.9,0.21,0.31,1.8,0.033,142,0.98984,0.5,12.7,6
5.4,0.205,0.16,12.55,0.051,115,0.99564,0.38,10.8,6
6.1,0.22,0.4,1.85,0.031,111,0.98966,0.3,11.8,7
6.7,0.15,0.32,7.9,0.034,81,0.99512,0.31,10,6
6.1,0.32,0.33,10.7,0.036,98,0.99521,0.52,10.2,6
6,0.25,0.28,7.7,0.053,132,0.99489,0.5,9.4,6
7.9,0.3,0.6,1.85,0.048,106,0.99331,0.49,11.85,5
5.3,0.31,0.38,10.5,0.031,140,0.99321,0.46,11.7,6
5.5,0.3,0.25,1.9,0.029,118,0.98972,0.66,12.5,6
6,0.32,0.46,1.5,0.05,189,0.99308,0.49,9.6,5
5,0.24,0.19,5,0.043,101,0.99438,0.57,10,5
6,0.14,0.37,1.2,0.032,148,0.99185,0.44,11.2,5
5.2,0.3,0.34,1.5,0.038,96,0.98942,0.48,13,8
6.6,0.19,0.25,1.2,0.052,181,0.99352,0.42,9.4,7
6.8,0.27,0.3,13,0.047,160,0.99705,0.5,9.6,6
6.8,0.27,0.3,13,0.047,160,0.99705,0.5,9.6,6
6.8,0.27,0.3,13,0.047,160,0.99705,0.5,9.6,6
6.4,0.28,0.45,8.6,0.057,223,0.99654,0.51,9.1,5
5.2,0.21,0.31,1.7,0.048,61,0.98953,0.37,12,7
5.6,0.3,0.1,6.4,0.043,142,0.99382,0.48,9.8,5
6.7,0.3,0.5,12.1,0.045,127,0.9974,0.53,8.9,6
6.9,0.25,0.29,2.4,0.038,76,0.99088,0.36,11.7,7
5.5,0.62,0.33,1.7,0.037,118,0.98758,0.39,13.55,6
6,0.31,0.32,7.4,0.175,159,0.9952,0.5,9.4,6
5.7,0.33,0.32,1.4,0.043,93,0.9897,0.5,12.3,6
5.9,0.32,0.19,14.5,0.042,115,0.99684,0.43,10.3,5
6.2,0.26,0.2,8,0.047,111,0.99445,0.42,10.4,6
6,0.17,0.3,7.3,0.039,104,0.99252,0.57,11,6
7.3,0.35,0.67,8.3,0.053,100,0.9959,0.5,10.9,5
6,0.26,0.24,1.3,0.053,150,0.9924,0.62,10.4,6
5.8,0.385,0.25,3.7,0.031,122,0.99128,0.63,11.2,6
5.8,0.36,0.5,1,0.127,178,0.99212,0.45,9.7,5
7,0.24,0.47,1.3,0.043,131,0.99176,0.45,11,6
6.8,0.23,0.48,1.5,0.036,165,0.99162,0.45,11.3,6
6,0.34,0.29,6.1,0.046,134,0.99462,0.57,10.7,6
5.8,0.38,0.26,1.1,0.058,140,0.99271,0.43,9.7,6
5.9,0.32,0.26,1.5,0.057,141,0.9917,0.36,10.7,5
6.5,0.28,0.38,7.8,0.031,216,0.99154,0.42,13.1,6
5.3,0.275,0.24,7.4,0.038,114,0.99313,0.51,11,6
5.2,0.405,0.15,1.45,0.038,44,0.99125,0.4,11.6,4
6.8,0.34,0.36,8.9,0.029,128,0.99318,0.35,11.95,7
6.2,0.28,0.57,1,0.043,92,0.99004,0.36,11.5,6
5.6,0.34,0.25,2.5,0.046,182,0.99093,0.4,11.3,5
5.1,0.3,0.3,2.3,0.048,150,0.98944,0.46,12.2,6
7.5,0.38,0.33,9.2,0.043,116,0.99444,0.42,11.4,6
6.4,0.35,0.51,7.8,0.055,177,0.99502,0.45,9.6,5
5.9,0.22,0.3,1.3,0.052,86,0.99069,0.47,11.55,6
5.7,0.41,0.21,1.9,0.048,112,0.99138,0.55,11.2,6
5,0.2,0.4,1.9,0.015,98,0.9897,0.55,12.05,6
7.4,0.22,0.26,1.2,0.035,97,0.99245,0.41,9.7,6
5,0.235,0.27,11.75,0.03,118,0.9954,0.5,9.4,6
6.5,0.33,0.38,8.3,0.048,174,0.99492,0.5,9.6,5
6.6,0.34,0.4,8.1,0.046,170,0.99494,0.5,9.55,6
6.2,0.41,0.22,1.9,0.023,56,0.98928,0.79,13,7
6.1,0.34,0.29,2.2,0.036,100,0.98938,0.44,11.8,6
5.7,0.21,0.32,0.9,0.038,121,0.99074,0.46,10.6,6
6.5,0.23,0.38,1.3,0.032,112,0.99298,0.54,9.7,5
