"tartaric_acid","acetic_acid","citric_acid","residual_sugar","sodium_chloride","free_sulfur_dioxide","total_sulfur_dioxide","density","pH","potassium_sulphate","alcohol","quality"
7,0.27,0.36,20.7,0.045,45,170,1.001,3,0.45,8.8,6
8.1,0.28,0.4,6.9,0.05,30,97,0.9951,3.26,0.44,10.1,6
7.2,0.23,0.32,8.5,0.058,47,186,0.9956,3.19,0.4,9.9,6
8.1,0.22,0.43,1.5,0.044,28,129,0.9938,3.22,0.45,11,6
8.6,0.23,0.4,4.2,0.035,17,109,0.9947,3.14,0.53,9.7,5
6.2,0.66,0.48,1.2,0.029,29,75,0.9892,3.33,0.39,12.8,8
6.4,0.31,0.38,2.9,0.038,19,102,0.9912,3.17,0.35,11,7
6.8,0.26,0.42,1.7,0.049,41,122,0.993,3.47,0.48,10.5,8
7.6,0.67,0.14,1.5,0.074,25,168,0.9937,3.05,0.51,9.3,5
6.6,0.27,0.41,1.3,0.052,16,142,0.9951,3.42,0.47,10,6
6.9,0.24,0.35,1,0.052,35,146,0.993,3.45,0.44,10,6
7.4,0.27,0.48,1.1,0.047,17,132,0.9914,3.19,0.49,11.6,6
7.2,0.32,0.36,2,0.033,37,114,0.9906,3.1,0.71,12.3,7
8.5,0.24,0.39,10.4,0.044,20,142,0.9974,3.2,0.53,10,6
7,0.33,0.32,1.2,0.053,38,138,0.9906,3.13,0.28,11.2,6
7.3,0.24,0.39,17.95,0.057,45,149,0.9999,3.21,0.36,8.6,5
6.7,0.23,0.26,1.4,0.06,33,154,0.9934,3.24,0.56,9.5,6
7,0.31,0.26,7.4,0.069,28,160,0.9954,3.13,0.46,9.8,6
6.9,0.19,0.35,5,0.067,32,150,0.995,3.36,0.48,9.8,5
7.2,0.19,0.31,1.6,0.062,31,173,0.9917,3.35,0.44,11.7,6
6.6,0.25,0.29,1.1,0.068,39,124,0.9914,3.34,0.58,11,7
6.9,0.25,0.35,1.3,0.039,29,191,0.9908,3.13,0.52,11,6
6,0.19,0.26,12.4,0.048,50,147,0.9972,3.3,0.36,8.9,6
7.2,0.24,0.27,1.4,0.038,31,122,0.9927,3.15,0.46,10.3,6
6.4,0.26,0.24,6.4,0.04,27,124,0.9903,3.22,0.49,12.6,7
6,0.27,0.28,4.8,0.063,31,201,0.9964,3.69,0.71,10,5
7,0.32,0.34,1.3,0.042,20,69,0.9912,3.31,0.65,12,7
7.1,0.34,0.2,6.1,0.063,47,164,0.9946,3.17,0.42,10,5
7.1,0.44,0.62,11.8,0.044,52,152,0.9975,3.12,0.46,8.7,6
7.1,0.44,0.62,11.8,0.044,52,152,0.9975,3.12,0.46,8.7,6
6.9,0.21,0.33,1.8,0.034,48,136,0.9899,3.25,0.41,12.6,7
7.1,0.26,0.29,12.4,0.044,62,240,0.9969,3.04,0.42,9.2,6
6,0.34,0.66,15.9,0.046,26,164,0.9979,3.14,0.5,8.8,6
8.6,0.265,0.36,1.2,0.034,15,80,0.9913,2.95,0.36,11.4,7
7.3,0.13,0.32,14.4,0.051,34,109,0.9974,3.2,0.35,9.2,6
6.5,0.17,0.54,8.5,0.082,64,163,0.9959,2.89,0.39,8.8,6
6.7,0.41,0.34,9.2,0.049,29,150,0.9968,3.22,0.51,9.1,5
7.3,0.32,0.48,13.3,0.06,57,196,0.9982,3.04,0.5,9.2,5
7.4,0.16,0.31,6.85,0.059,31,131,0.9952,3.29,0.34,9.7,5
6.4,0.13,0.47,1.6,0.092,40,158,0.9928,3.21,0.36,9.8,6
7.4,0.39,0.23,7,0.033,29,126,0.994,3.14,0.42,10.5,5
5.7,0.26,0.25,10.4,0.02,7,57,0.994,3.39,0.37,10.6,5
6.6,0.24,0.27,15.8,0.035,46,188,0.9982,3.24,0.51,9.2,5
8.2,0.23,0.4,1.2,0.027,36,121,0.992,3.12,0.38,10.7,6
7.1,0.37,0.67,10.5,0.045,49,155,0.9975,3.16,0.44,8.7,5
6.8,0.19,0.36,1.9,0.035,30,96,0.9917,3.15,0.54,10.8,7
6.3,0.31,0.34,2.2,0.045,20,77,0.9927,3.3,0.43,10.2,5
8.5,0.21,0.41,4.3,0.036,24,99,0.9947,3.18,0.53,9.7,6
5.6,0.16,0.27,1.4,0.044,53,168,0.9918,3.28,0.37,10.1,6
7.9,0.22,0.38,8,0.043,46,152,0.9934,3.12,0.32,11.5,7
7.6,0.18,0.46,10.2,0.055,58,135,0.9968,3.14,0.43,9.9,6
8.2,0.23,0.4,7.5,0.049,12,76,0.9966,3.06,0.84,9.7,6
5.2,0.44,0.04,1.4,0.036,43,119,0.9894,3.36,0.33,12.1,8
6.7,0.24,0.35,13.1,0.05,64,205,0.997,3.15,0.5,9.5,5
7.9,0.19,0.45,1.5,0.045,17,96,0.9917,3.13,0.39,11,6
7.5,0.27,0.31,17.7,0.051,33,173,0.999,3.09,0.64,10.2,5
7.2,0.32,0.47,5.1,0.044,19,65,0.991,3.03,0.41,12.6,4
7.1,0.34,0.15,1.2,0.053,61,183,0.9936,3.09,0.43,9.2,5
6.4,0.29,0.44,3.6,0.2,75,181,0.9942,3.02,0.41,9.1,5
7.1,0.32,0.24,13.1,0.05,52,204,0.998,3.1,0.49,8.8,5
6.8,0.27,0.26,16.1,0.049,55,196,0.9984,3.15,0.5,9.3,5
5.8,0.28,0.35,2.3,0.053,36,114,0.9924,3.28,0.5,10.2,4
10.2,0.44,0.88,6.2,0.049,20,124,0.9968,2.99,0.51,9.9,4
6.1,0.4,0.31,0.9,0.048,23,170,0.993,3.22,0.77,9.5,6
7.2,0.685,0.21,9.5,0.07,33,172,0.9971,3,0.55,9.1,6
6.4,0.17,0.32,2.4,0.048,41,200,0.9938,3.5,0.5,9.7,6
7.2,0.23,0.38,14.3,0.058,55,194,0.9979,3.09,0.44,9,6
5.6,0.19,0.26,1.4,0.03,12,76,0.9905,3.25,0.37,10.9,7
6.1,0.41,0.14,10.4,0.037,18,119,0.996,3.38,0.45,10,5
6.7,0.26,0.39,1.1,0.04,45,147,0.9935,3.32,0.58,9.6,8
6.3,0.35,0.3,5.7,0.035,8,97,0.9927,3.27,0.41,11,7
6.9,0.28,0.4,8.2,0.036,15,95,0.9944,3.17,0.33,10.2,5
7.2,0.29,0.4,13.6,0.045,66,231,0.9977,3.08,0.59,9.6,6
6.9,0.29,0.4,19.45,0.043,36,156,0.9996,2.93,0.47,8.9,5
5.3,0.58,0.07,6.9,0.043,34,149,0.9944,3.34,0.57,9.7,5
6.6,0.19,0.41,8.9,0.046,51,169,0.9954,3.14,0.57,9.8,6
6.7,0.2,0.41,9.1,0.044,50,166,0.9954,3.14,0.58,9.8,6
7.7,0.26,0.4,1.1,0.042,9,60,0.9915,2.89,0.5,10.6,5
6.7,0.34,0.3,15.6,0.054,51,196,0.9982,3.19,0.49,9.3,5
7.1,0.35,0.24,15.4,0.055,46,198,0.9988,3.12,0.49,8.8,5
7.3,0.32,0.25,7.2,0.056,47,180,0.9961,3.08,0.47,8.8,5
6.5,0.28,0.33,15.7,0.053,51,190,0.9978,3.22,0.51,9.7,6
7.2,0.23,0.39,14.2,0.058,49,192,0.9979,2.98,0.48,9,7
7.2,0.23,0.39,14.2,0.058,49,192,0.9979,2.98,0.48,9,7
6.1,0.41,0,1.6,0.063,36,87,0.9914,3.27,0.67,10.8,6
7.2,0.43,0.24,6.7,0.058,40,163,0.995,3.2,0.41,9.9,5
7.3,0.4,0.24,6.7,0.058,41,166,0.995,3.2,0.41,9.9,6
5.8,0.34,0.21,6.6,0.04,50,167,0.9941,3.29,0.62,10,5
6.6,0.24,0.35,7.7,0.031,36,135,0.9938,3.19,0.37,10.5,5
6.1,0.125,0.25,3.3,0.04,10,69,0.9934,3.54,0.59,10.1,6
6.8,0.28,0.44,9.3,0.031,35,137,0.9946,3.16,0.36,10.4,6
7.5,0.27,0.31,5.8,0.057,131,313,0.9946,3.18,0.59,10.5,5
6.4,0.34,0.23,6.3,0.039,37,143,0.9944,3.19,0.65,10,6
7.2,0.21,0.41,1.3,0.036,33,85,0.992,3.17,0.51,10.4,5
6.8,0.24,0.34,4.6,0.032,37,135,0.9927,3.2,0.39,10.6,5
6.4,0.26,0.42,9.7,0.044,30,140,0.9962,3.18,0.47,9.1,6
7.8,0.18,0.46,13.6,0.052,38,118,0.998,3.15,0.5,10,6
7.3,0.33,0.4,6.85,0.038,32,138,0.992,3.03,0.3,11.9,7
5.5,0.335,0.3,2.5,0.071,27,128,0.9924,3.14,0.51,9.6,6
7.3,0.22,0.37,14.3,0.063,48,191,0.9978,2.89,0.38,9,6
6.1,0.36,0.33,1.1,0.05,24,169,0.9927,3.15,0.78,9.5,6
10,0.2,0.39,1.4,0.05,19,152,0.994,3,0.42,10.4,6
6.9,0.24,0.34,4.7,0.04,43,161,0.9935,3.2,0.59,10.6,6
7.1,0.365,0.14,1.2,0.055,24,84,0.9941,3.15,0.43,8.9,5
6.8,0.15,0.3,5.3,0.05,40,127,0.9942,3.4,0.39,9.7,6
7.3,0.22,0.37,14.3,0.063,48,191,0.9978,2.89,0.38,9,6
6,0.36,0.39,3.2,0.027,20,125,0.991,3.38,0.39,11.3,7
6.7,0.21,0.32,5.4,0.047,29,140,0.995,3.39,0.46,9.7,6
6.8,0.22,0.31,6.3,0.035,33,170,0.9918,3.24,0.66,12.6,6
8.2,0.28,0.42,1.8,0.031,30,93,0.9917,3.09,0.39,11.4,5
7.2,0.25,0.39,18.95,0.038,42,155,0.9999,2.97,0.47,9,6
7.2,0.19,0.39,1.2,0.036,32,85,0.9918,3.16,0.5,10.5,5
7.4,0.21,0.27,1.2,0.041,27,99,0.9927,3.19,0.33,9.8,6
7.4,0.31,0.28,1.6,0.05,33,137,0.9929,3.31,0.56,10.5,6
7,0.21,0.28,8.6,0.045,37,221,0.9954,3.25,0.54,10.4,6
7,0.21,0.28,8.6,0.045,37,221,0.9954,3.25,0.54,10.4,6
7,0.21,0.28,8.7,0.045,37,222,0.9954,3.25,0.54,10.4,6
6.8,0.29,0.5,13.3,0.053,48,194,0.9974,3.09,0.45,9.4,5
6.4,0.34,0.1,1.1,0.048,19,84,0.9927,3.21,0.38,9.8,5
6.1,0.28,0.32,2.5,0.042,23,218.5,0.9935,3.27,0.6,9.8,5
6.6,0.16,0.32,1.4,0.035,49,186,0.9906,3.35,0.64,12.4,8
7.1,0.32,0.32,11,0.038,16,66,0.9937,3.24,0.4,11.5,3
6.5,0.41,0.24,14,0.048,24,113,0.9982,3.44,0.53,9.8,6
6.5,0.41,0.24,14,0.048,24,113,0.9982,3.44,0.53,9.8,6
6.1,0.2,0.25,1.2,0.038,34,128,0.9921,3.24,0.44,10.1,5
6,0.37,0.32,1,0.053,31,218.5,0.9924,3.29,0.72,9.8,6
6.1,0.43,0.35,9.1,0.059,83,249,0.9971,3.37,0.5,8.5,5
6.8,0.32,0.21,2.2,0.044,15,68,0.9932,3.17,0.39,9.4,6
7.2,0.39,0.62,11,0.047,66,178,0.9976,3.16,0.5,8.7,5
7.2,0.29,0.53,18.15,0.047,59,182,0.9992,3.09,0.52,9.6,5
8.6,0.37,0.7,12.15,0.039,21,158,0.9983,3,0.73,9.3,6
6.5,0.38,0.34,3.4,0.036,34,200,0.9937,3.14,0.76,10,5
5.9,0.36,0.41,1.3,0.047,45,104,0.9917,3.33,0.51,10.6,6
7.8,0.19,0.26,8.9,0.039,42,182,0.996,3.18,0.46,9.9,6
5.7,0.335,0.34,1,0.04,13,174,0.992,3.27,0.66,10,5
7.2,0.28,0.54,16.7,0.045,54,200,0.999,3.08,0.49,9.5,6
6.4,0.3,0.3,2.25,0.038,8,210,0.9937,3.2,0.62,9.9,6
6.5,0.3,0.29,2.25,0.037,8,210,0.9937,3.19,0.62,9.9,5
7.8,0.18,0.31,12.2,0.053,46,140,0.998,3.06,0.53,8.9,6
7.3,0.51,0.26,3.3,0.09,7,135,0.9944,3.01,0.52,8.8,5
6,0.24,0.27,1.9,0.048,40,170,0.9938,3.64,0.54,10,7
7.2,0.34,0.34,12.6,0.048,7,41,0.9942,3.19,0.4,11.7,5
5.6,0.35,0.37,1,0.038,6,72,0.9902,3.37,0.34,11.4,5
7.2,0.31,0.46,5,0.04,3,29,0.9906,3.04,0.53,12.5,4
6.4,0.1,0.35,4.9,0.048,31,103,0.9947,3.43,0.79,9.7,6
7.4,0.25,0.36,13.2,0.067,53,178,0.9976,3.01,0.48,9,6
5.5,0.35,0.35,1.1,0.045,14,167,0.992,3.34,0.68,9.9,6
6.7,0.24,0.41,8.7,0.036,29,148,0.9952,3.22,0.62,9.9,6
6.4,0.16,0.22,1.4,0.04,41,149,0.9933,3.49,0.58,10,6
7.7,0.22,0.42,1.9,0.052,10,87,0.9922,3.3,0.49,11.8,6
9.2,0.25,0.34,1.2,0.026,31,93,0.9916,2.93,0.37,11.3,7
7,0.3,0.51,13.6,0.05,40,168,0.9976,3.07,0.52,9.6,7
7.8,0.28,0.34,1.6,0.028,32,118,0.9901,3,0.38,12.1,7
8.4,0.35,0.71,12.2,0.046,22,160,0.9982,2.98,0.65,9.4,5
6.1,0.41,0.24,1.6,0.049,16,137,0.993,3.32,0.5,10.4,6
7.2,0.34,0.44,4.2,0.047,51,144,0.991,3.01,0.76,12.3,6
7.4,0.3,0.22,1.4,0.046,16,135,0.9928,3.08,0.77,10.4,7
6.5,0.28,0.27,5.2,0.04,44,179,0.9948,3.19,0.69,9.4,6
6.5,0.28,0.29,2.7,0.038,26,107,0.9912,3.32,0.41,11.6,7
6.7,0.34,0.54,16.3,0.047,44,181,0.9987,3.04,0.56,8.8,5
7.4,0.2,0.33,1.9,0.035,39,138,0.991,3.17,0.44,11.7,7
8.2,0.22,0.3,1.8,0.047,47,185,0.9933,3.13,0.5,10.2,6
6.5,0.28,0.29,2.7,0.038,26,107,0.9912,3.32,0.41,11.6,7
6,0.38,0.26,6,0.034,42,134,0.9912,3.38,0.38,12.3,7
6.9,0.41,0.33,10.1,0.043,28,152,0.9968,3.2,0.52,9.4,5
6.4,0.45,0.07,1.1,0.03,10,131,0.9905,2.97,0.28,10.8,5
6.9,0.41,0.33,10.1,0.043,28,152,0.9968,3.2,0.52,9.4,5
7,0.29,0.37,4.9,0.034,26,127,0.9928,3.17,0.44,10.8,6
7.2,0.24,0.4,1.4,0.045,31,106,0.9914,2.88,0.38,10.8,6
7.3,0.25,0.29,7.5,0.049,38,158,0.9965,3.43,0.38,9.6,5
7.8,0.26,0.27,1.9,0.051,52,195,0.9928,3.23,0.5,10.9,6
6,0.36,0.06,1.4,0.066,27,128,0.9934,3.26,0.55,9.3,5
6.2,0.24,0.29,13.3,0.039,49,130,0.9952,3.33,0.46,11,8
5.8,0.31,0.33,1.2,0.036,23,99,0.9916,3.18,0.6,10.5,6
7,0.23,0.42,18.05,0.05,35,144,0.9999,3.22,0.42,8.8,5
6.9,0.24,0.33,4.8,0.04,16,131,0.9936,3.26,0.64,10.7,6
6,0.29,0.2,12.6,0.045,45,187,0.9972,3.33,0.42,9.5,5
5.9,0.14,0.25,4.5,0.027,34,140,0.9934,3.49,0.51,10.8,6
7.4,0.28,0.25,11.9,0.053,25,148,0.9976,3.1,0.62,9.2,5
5.6,0.235,0.29,1.2,0.047,33,127,0.991,3.34,0.5,11,7
6.3,0.26,0.25,7.8,0.058,44,166,0.9961,3.24,0.41,9,5
7.1,0.26,0.34,14.4,0.067,35,189,0.9986,3.07,0.53,9.1,7
7.1,0.26,0.34,14.4,0.067,35,189,0.9986,3.07,0.53,9.1,7
5.9,0.24,0.26,12.3,0.053,34,134,0.9972,3.34,0.45,9.5,6
6.5,0.21,0.37,2.5,0.048,70,138,0.9917,3.33,0.75,11.4,7
7.3,0.34,0.21,3.2,0.05,14,136,0.9936,3.25,0.44,10.2,5
6.8,0.29,0.16,1.4,0.038,122.5,234.5,0.9922,3.15,0.47,10,4
7.1,0.28,0.26,1.9,0.049,12,86,0.9934,3.15,0.38,9.4,5
7.8,0.42,0.26,9.2,0.058,34,199,0.9972,3.14,0.55,9.3,6
6.7,0.31,0.3,2.1,0.038,18,130,0.9928,3.36,0.63,10.6,6
5.9,0.29,0.25,12,0.057,48,224,0.9981,3.23,0.41,9,6
6.8,0.34,0.69,1.3,0.058,12,171,0.9931,3.06,0.47,9.7,5
6.4,0.27,0.32,4.5,0.24,61,174,0.9948,3.12,0.48,9.4,5
6.8,0.67,0.3,13,0.29,22,193,0.9984,3.08,0.67,9,4
6,0.36,0.16,6.3,0.036,36,191,0.9942,3.17,0.62,9.8,5
5.9,0.37,0.14,6.3,0.036,34,185,0.9944,3.17,0.63,9.8,5
7.6,0.29,0.58,17.5,0.041,51,225,0.9997,3.16,0.66,9.5,6
7.5,0.31,0.51,14.8,0.039,62,204,0.9982,3.06,0.6,9.5,5
8.4,0.4,0.7,13.1,0.042,29,197,0.998,3.06,0.64,9.7,5
6.6,0.38,0.18,1.2,0.042,20,84,0.9927,3.22,0.45,10.1,4
7.7,0.2,0.44,13.9,0.05,44,130,0.99855,3.11,0.48,10,6
6.1,0.25,0.24,12.1,0.046,51,172,0.998,3.35,0.45,9.5,5
8.2,0.27,0.43,1.6,0.035,31,128,0.9916,3.1,0.5,12.3,6
6.4,0.31,0.39,7.5,0.04,57,213,0.99475,3.32,0.43,10,5
6,0.39,0.26,2.7,0.038,39,187,0.99325,3.41,0.5,10.8,6
6,0.3,0.44,1.5,0.046,15,182,0.99455,3.5,0.52,10.4,5
8.8,0.28,0.45,6,0.022,14,49,0.9934,3.01,0.33,11.1,7
6.9,0.38,0.25,9.8,0.04,28,191,0.9971,3.28,0.61,9.2,5
6.9,0.38,0.25,9.8,0.04,28,191,0.9971,3.28,0.61,9.2,5
6.9,0.39,0.4,4.6,0.022,5,19,0.9915,3.31,0.37,12.6,3
7.4,0.38,0.27,7.5,0.041,24,160,0.99535,3.17,0.43,10,5
7.4,0.2,1.66,2.1,0.022,34,113,0.99165,3.26,0.55,12.2,6
6.9,0.18,0.38,8.1,0.049,44,176,0.9958,3.3,0.54,9.8,6
7.2,0.29,0.4,7.6,0.024,56,177,0.9928,3.04,0.32,11.5,6
6.9,0.2,0.5,10,0.036,78,167,0.9964,3.15,0.55,10.2,6
5.8,0.25,0.28,11.1,0.056,45,175,0.99755,3.42,0.43,9.5,5
6.9,0.18,0.38,8.1,0.049,44,176,0.9958,3.3,0.54,9.8,6
5,0.44,0.04,18.6,0.039,38,128,0.9985,3.37,0.57,10.2,6
6.3,0.3,0.28,5,0.042,36,168,0.99505,3.22,0.69,9.5,6
7.2,0.27,0.42,1.6,0.05,35,135,0.992,2.94,0.46,11,6
6.8,0.12,0.31,5.2,0.045,29,120,0.9942,3.41,0.46,9.8,7
8.3,0.14,0.45,1.5,0.039,18,98,0.99215,3.02,0.56,11,6
6.9,0.22,0.37,15,0.053,59,178,0.9992,3.37,0.82,9.5,7
8.1,0.17,0.44,14.1,0.053,43,145,1.0006,3.28,0.75,8.8,8
6,0.395,0,1.4,0.042,7,55,0.99135,3.37,0.38,11.2,4
7.7,0.34,0.28,11,0.04,31,117,0.99815,3.27,0.29,9.2,6
6.9,0.24,0.33,12.5,0.046,47,153,0.9983,3.28,0.77,9.6,6
6.8,0.39,0.35,11.6,0.044,57,220,0.99775,3.07,0.53,9.3,5
6.6,0.21,0.31,11.4,0.039,46,165,0.99795,3.41,0.44,9.8,7
7.3,0.32,0.34,6.6,0.032,24,112,0.99505,3.22,0.46,9.8,6
7.8,0.27,0.58,11.2,0.036,44,161,0.9977,3.06,0.41,8.9,6
6,0.28,0.49,6.8,0.048,61,222,0.9953,3.19,0.47,9.3,5
6.4,0.35,0.28,1.1,0.055,9,160,0.99405,3.42,0.5,9.1,7
7.9,0.35,0.24,15.6,0.072,44,229,0.99785,3.03,0.59,10.5,6
8.4,0.18,0.42,5.1,0.036,7,77,0.9939,3.16,0.52,11.7,5
6.2,0.3,0.17,2.8,0.04,24,125,0.9939,3.01,0.46,9,5
6.6,0.56,0.22,8.9,0.034,27,133,0.99675,3.2,0.51,9.1,5
7,0.21,0.37,7.2,0.042,36,167,0.9958,3.26,0.56,9.8,6
7.1,0.16,0.36,1.2,0.043,21,90,0.9925,3.16,0.42,11,7
7.4,0.17,0.4,5.5,0.037,34,161,0.9935,3.05,0.62,11.5,4
6.9,0.25,0.34,1.3,0.035,27,82,0.99045,3.18,0.44,12.2,6
7.3,0.205,0.31,1.7,0.06,34,110,0.9963,3.72,0.69,10.5,6
7.5,0.42,0.34,4.3,0.04,34,108,0.99155,3.14,0.45,12.8,8
8.7,0.23,0.32,13.4,0.044,35,169,0.99975,3.12,0.47,8.8,7
6,0.2,0.24,1.8,0.03,30,105,0.9909,3.31,0.47,11.5,6
8.2,0.38,0.49,13.6,0.042,58,166,0.99855,3.1,0.54,9.4,5
6.9,0.18,0.36,1.3,0.036,40,117,0.9934,3.27,0.95,9.5,7
6.9,0.18,0.36,1.3,0.036,40,117,0.9934,3.27,0.95,9.5,7
8.2,0.4,0.48,13.7,0.042,59,169,0.9986,3.1,0.52,9.4,5
7.3,0.25,0.42,14.2,0.041,57,182,0.9996,3.29,0.75,9.1,7
6.2,0.28,0.33,1.7,0.029,24,111,0.99,3.24,0.5,12.1,6
4.8,0.33,0,6.5,0.028,34,163,0.9937,3.35,0.61,9.9,5
6.1,0.27,0.33,2.2,0.021,26,117,0.9886,3.12,0.3,12.5,6
7.8,0.18,0.46,12.6,0.042,41,143,1,3.24,0.76,8.5,8
7.3,0.24,0.29,1.2,0.037,37,97,0.9926,3.19,0.7,10.1,6
6,0.45,0.65,9.7,0.08,11,159,0.9956,3.04,0.48,9.4,5
7.7,0.15,0.29,1.3,0.029,10,64,0.9932,3.35,0.39,10.1,5
7.1,0.21,0.32,2.2,0.037,28,141,0.993,3.2,0.57,10,7
6,0.28,0.34,1.6,0.119,33,104,0.9921,3.19,0.38,10.2,6
6.2,0.16,0.54,1.4,0.126,37,110,0.9932,3.23,0.37,8.9,6
7.4,0.26,0.43,6,0.022,22,125,0.9928,3.13,0.55,11.5,6
6.5,0.3,0.32,2,0.044,34,90,0.99185,3.37,0.68,11,7
5.8,0.26,0.18,1.2,0.031,40,114,0.9908,3.42,0.4,11,7
5.6,0.19,0.39,1.1,0.043,17,67,0.9918,3.23,0.53,10.3,6
6.8,0.18,0.28,8.7,0.047,52,242,0.9952,3.22,0.53,10.5,6
6.8,0.18,0.28,8.5,0.047,52,242,0.9952,3.22,0.53,10.5,6
7.4,0.13,0.39,4.7,0.042,36,137,0.995,3.36,0.56,10.3,7
7,0.24,0.34,1.4,0.031,27,107,0.99,3.06,0.39,11.9,6
7,0.11,0.32,4.6,0.057,59,144,0.9956,3.55,0.44,9.4,7
5.4,0.595,0.1,2.8,0.042,26,80,0.9932,3.36,0.38,9.3,5
6.5,0.25,0.35,12,0.055,47,179,0.998,3.58,0.47,10,5
6.1,0.36,0.58,15,0.044,42,115,0.9978,3.15,0.51,9,5
6.5,0.26,0.28,12.5,0.046,80,225,0.99685,3.18,0.41,10,6
5.9,0.29,0.33,7.4,0.037,58,205,0.99495,3.26,0.41,9.6,5
6.1,0.27,0.44,6.7,0.041,61,230,0.99505,3.12,0.4,8.9,5
6.4,0.43,0.32,1.4,0.048,10,67,0.992,3.08,0.41,11.4,5
7.7,0.24,0.29,15.3,0.044,39,194,0.9982,3.06,0.47,9.6,7
6.5,0.18,0.33,8,0.051,16,131,0.9965,3.28,0.44,8.7,7
6.7,0.15,0.29,5,0.058,28,105,0.9946,3.52,0.44,10.2,7
8.5,0.16,0.35,1.6,0.039,24,147,0.9935,2.96,0.36,10,5
6.8,0.705,0.25,3.2,0.048,10,57,0.996,3.36,0.52,9.5,4
7.6,0.345,0.26,1.9,0.043,15,134,0.9936,3.08,0.38,9.5,5
7.5,0.32,0.26,1.8,0.042,13,133,0.9938,3.07,0.38,9.5,5
6.6,0.2,0.32,1.1,0.039,25,78,0.9926,3.39,0.54,10.2,7
7.3,0.24,0.34,15.4,0.05,38,174,0.9983,3.03,0.42,9,6
7.3,0.24,0.34,15.4,0.05,38,174,0.9983,3.03,0.42,9,6
8.3,0.23,0.43,3.2,0.035,14,101,0.9928,3.15,0.36,11.5,5
6.5,0.34,0.28,1.8,0.041,43,188,0.9928,3.13,0.37,9.6,6
7.1,0.13,0.38,1.8,0.046,14,114,0.9925,3.32,0.9,11.7,6
6.6,0.13,0.3,4.9,0.058,47,131,0.9946,3.51,0.45,10.3,6
6.5,0.14,0.33,7.6,0.05,53,189,0.9966,3.25,0.49,8.6,5
6,0.2,0.71,1.6,0.15,10,54,0.9927,3.12,0.47,9.8,5
6,0.19,0.71,1.5,0.152,9,55,0.9927,3.12,0.46,9.8,6
5.1,0.39,0.21,1.7,0.027,15,72,0.9894,3.5,0.45,12.5,6
7.4,0.28,0.3,5.3,0.054,44,161,0.9941,3.12,0.48,10.3,6
7.4,0.3,0.3,5.2,0.053,45,163,0.9941,3.12,0.45,10.3,6
6.5,0.25,0.27,15.2,0.049,75,217,0.9972,3.19,0.39,9.9,5
7,0.24,0.18,1.3,0.046,9,62,0.994,3.38,0.47,10.1,4
6.1,0.24,0.27,9.8,0.062,33,152,0.9966,3.31,0.47,9.5,6
8,0.19,0.36,1.8,0.05,16,84,0.9936,3.15,0.45,9.8,7
6.9,0.24,0.39,1.3,0.063,18,136,0.9928,3.31,0.48,10.4,7
6.6,0.18,0.28,3.3,0.044,18,91,0.993,3.42,0.64,10.8,6
5.8,0.36,0.26,3.3,0.038,40,153,0.9911,3.34,0.55,11.3,6
6.1,0.16,0.27,12.6,0.064,63,162,0.9994,3.66,0.43,8.9,5
7.6,0.39,0.22,2.8,0.036,19,113,0.9926,3.03,0.29,10.2,5
6.8,0.37,0.47,11.2,0.071,44,136,0.9968,2.98,0.88,9.2,5
8.3,0.14,0.26,1.5,0.049,56,189,0.9946,3.21,0.62,9.5,6
8.6,0.2,0.42,1.5,0.041,35,125,0.9925,3.11,0.49,11.4,7
6.2,0.15,0.46,1.6,0.039,38,123,0.993,3.38,0.51,9.7,6
6.6,0.14,0.44,1.6,0.042,47,140,0.993,3.32,0.51,10.2,6
7.1,0.2,0.41,2.1,0.054,24,166,0.9948,3.48,0.62,10.5,6
6.2,0.34,0.29,7.6,0.047,45,232,0.9955,3.35,0.62,10,6
8.8,0.17,0.38,1.8,0.04,39,148,0.9942,3.16,0.67,10.2,6
7.5,0.17,0.37,1.5,0.06,18,75,0.9936,3.54,0.88,10.7,5
7.7,0.275,0.3,1,0.039,19,75,0.992,3.01,0.56,10.7,5
7.5,0.33,0.48,19.45,0.048,55,243,1.001,2.95,0.4,8.8,5
6.5,0.19,0.1,1.3,0.046,23,107,0.9937,3.29,0.45,10,5
7.3,0.24,0.34,7.5,0.048,29,152,0.9962,3.1,0.54,9,5
9.4,0.29,0.55,2.2,0.05,17,119,0.9962,3.12,0.69,10.3,4
7.2,0.51,0.24,10,0.093,35,197,0.9981,3.41,0.47,9,5
8.3,0.22,0.38,14.8,0.054,32,126,1.0002,3.22,0.5,9.7,5
6.4,0.3,0.51,5.5,0.048,62,172,0.9942,3.08,0.45,9.1,6
6.2,0.55,0.45,12,0.049,27,186,0.9974,3.17,0.5,9.3,6
6.5,0.26,0.34,16.3,0.051,56,197,1.0004,3.49,0.42,9.8,5
7,0.17,0.33,4,0.034,17,127,0.9934,3.19,0.39,10.6,7
6.5,0.28,0.26,8.8,0.04,44,139,0.9956,3.32,0.37,10.2,6
6.3,0.16,0.4,1.6,0.033,59,148,0.9914,3.44,0.53,11.4,5
7.9,0.29,0.39,6.7,0.036,6,117,0.9938,3.12,0.42,10.7,5
7.3,0.31,0.69,10.2,0.041,58,160,0.9977,3.06,0.45,8.6,5
5.2,0.24,0.45,3.8,0.027,21,128,0.992,3.55,0.49,11.2,8
7.2,0.37,0.15,2,0.029,27,87,0.9903,3.3,0.59,12.6,7
6.1,0.29,0.27,1.7,0.024,13,76,0.9893,3.21,0.51,12.6,7
9.2,0.22,0.4,2.4,0.054,18,151,0.9952,3.04,0.46,9.3,4
5.9,0.415,0.13,1.4,0.04,11,64,0.9922,3.29,0.52,10.5,5
6.7,0.105,0.32,12.4,0.051,34,106,0.998,3.54,0.45,9.2,6
6.4,0.125,0.29,5.85,0.042,24,99,0.992,3.23,0.32,12,7
7.9,0.25,0.29,5.3,0.031,33,117,0.9918,3.06,0.32,11.8,7
6.8,0.39,0.31,14.35,0.043,28,162,0.9988,3.17,0.54,9.1,5
7.4,0.41,0.34,4.7,0.042,19,127,0.9953,3.25,0.42,10.4,5
6.7,0.25,0.34,12.85,0.048,30,161,0.9986,3.44,0.47,9.5,6
6,0.26,0.42,5.2,0.027,70,178,0.9914,3.4,0.4,12.3,8
9.2,0.28,0.46,3.2,0.058,39,133,0.996,3.14,0.58,9.5,5
9.3,0.34,0.49,7.3,0.052,30,146,0.998,3.17,0.61,10.2,5
9.2,0.28,0.46,3.2,0.058,39,133,0.996,3.14,0.58,9.5,5
6.7,0.25,0.23,7.2,0.038,61,220,0.9952,3.14,0.35,9.5,5
6.8,0.32,0.18,7.5,0.041,71,223,0.9959,3.14,0.41,8.9,5
6.1,0.6,0,1.3,0.042,24,79,0.9937,3.31,0.38,9.4,4
5.3,0.395,0.07,1.3,0.035,26,102,0.992,3.5,0.35,10.6,6
7.6,0.33,0.36,2.1,0.034,26,172,0.9944,3.42,0.48,10.5,4
7.8,0.3,0.29,16.85,0.054,23,135,0.9998,3.16,0.38,9,6
7.8,0.3,0.29,16.85,0.054,23,135,0.9998,3.16,0.38,9,6
7.8,0.3,0.29,16.85,0.054,23,135,0.9998,3.16,0.38,9,6
7.5,0.14,0.34,1.3,0.055,50,153,0.9945,3.29,0.8,9.6,6
5.7,0.26,0.27,4.1,0.201,73.5,189.5,0.9942,3.27,0.38,9.4,6
6,0.24,0.32,6.3,0.03,34,129,0.9946,3.52,0.41,10.4,5
7.4,0.23,0.43,1.4,0.044,22,113,0.9938,3.22,0.62,10.6,6
7.4,0.22,0.33,2,0.045,31,101,0.9931,3.42,0.55,11.4,5
6.8,0.25,0.29,2,0.042,19,189,0.9952,3.46,0.54,10.2,6
6.6,0.21,0.38,2.2,0.026,40,104,0.9914,3.25,0.4,11.1,8
7.1,0.21,0.3,1.4,0.037,45,143,0.9932,3.13,0.33,9.9,6
7.6,0.26,0.47,1.6,0.068,5,55,0.9944,3.1,0.45,9.6,5
6.9,0.25,0.26,5.2,0.024,36,135,0.9948,3.16,0.72,10.7,7
7.1,0.26,0.32,14.45,0.074,29,107,0.998,2.96,0.42,9.2,6
6.9,0.25,0.26,5.2,0.024,36,135,0.9948,3.16,0.72,10.7,7
7.3,0.22,0.4,14.75,0.042,44.5,129.5,0.9998,3.36,0.41,9.1,7
7,0.17,0.37,1.5,0.028,26,75,0.9922,3.3,0.46,10.8,7
5,0.33,0.16,1.5,0.049,10,97,0.9917,3.48,0.44,10.7,6
5,0.33,0.16,1.5,0.049,10,97,0.9917,3.48,0.44,10.7,6
8,0.23,0.46,1.5,0.03,30,125,0.9907,3.23,0.47,12.5,6
7.3,0.27,0.39,6.7,0.064,28,188,0.9958,3.29,0.3,9.7,5
6.4,0.23,0.33,1.15,0.044,15.5,217.5,0.992,3.33,0.44,11,6
7.3,0.29,0.3,13,0.043,46,238,0.9986,3.06,0.41,8.7,6
7.7,0.39,0.3,5.2,0.037,29,131,0.9943,3.38,0.44,11,6
7.8,0.32,0.31,1.7,0.036,46,195,0.993,3.03,0.48,10.5,5
10.3,0.25,0.48,2.2,0.042,28,164,0.998,3.19,0.59,9.7,5
7.4,0.18,0.42,2.1,0.036,33,187,0.9938,3.4,0.41,10.6,7
6.4,0.26,0.22,5.1,0.037,23,131,0.9944,3.29,0.32,10.1,5
7.2,0.18,0.31,1.1,0.045,20,73,0.9925,3.32,0.4,10.8,7
5.3,0.26,0.23,5.15,0.034,48,160,0.9952,3.82,0.51,10.5,7
5.7,0.245,0.33,1.1,0.049,28,150,0.9927,3.13,0.42,9.3,5
6.4,0.17,0.27,6.7,0.036,88,223,0.9948,3.28,0.35,10.2,6
6.9,0.29,0.16,6.8,0.034,65,212,0.9955,3.08,0.39,9,6
6.2,0.21,0.38,6.8,0.036,64,245,0.9951,3.06,0.36,9.3,6
6.4,0.23,0.3,7.1,0.037,63,236,0.9952,3.06,0.34,9.2,6
7.3,0.19,0.68,1.5,0.05,31,156,0.9946,3.32,0.64,9.4,6
7.3,0.18,0.65,1.4,0.046,28,157,0.9946,3.33,0.62,9.4,6
6.9,0.31,0.34,7.4,0.059,36,174,0.9963,3.46,0.62,11.1,7
7.5,0.28,0.34,4.2,0.028,36,116,0.991,2.99,0.41,12.3,8
8.1,0.5,0.47,1.1,0.037,23,126,0.9938,3.21,0.42,10.9,5
7.4,0.31,0.74,10.7,0.039,51,147,0.9977,3.02,0.43,8.7,5
8.3,0.21,0.4,1.6,0.032,35,110,0.9907,3.02,0.6,12.9,7
6.9,0.39,0.22,4.3,0.03,10,102,0.993,3,0.87,11.6,4
7.5,0.23,0.32,9.2,0.038,54,191,0.9966,3.04,0.56,9.7,6
9,0.245,0.38,5.9,0.045,52,159,0.995,2.93,0.35,10.2,6
7.4,0.19,0.42,6.4,0.067,39,212,0.9958,3.3,0.33,9.6,6
8.2,0.2,0.36,8.1,0.035,60,163,0.9952,3.05,0.3,10.3,6
7.9,0.14,0.45,1.8,0.05,17,114,0.9948,3.33,0.49,10.7,7
9.4,0.17,0.55,1.6,0.049,14,94,0.9949,3.02,0.61,10.3,6
6.4,0.31,0.4,6.2,0.04,46,169,0.9953,3.15,0.46,9.3,6
7.9,0.255,0.26,2,0.026,40,190,0.9932,3.04,0.39,11.2,6
7,0.15,0.34,1.4,0.039,21,177,0.9927,3.32,0.62,10.8,5
7.6,0.19,0.42,1.5,0.044,6,114,0.9914,3.04,0.74,12.8,6
7.7,0.32,0.48,2.3,0.04,28,114,0.9911,3.2,0.52,12.8,7
6.8,0.15,0.32,8.8,0.058,24,110,0.9972,3.4,0.4,8.8,6
7.9,0.16,0.64,17,0.05,69,210,1.0004,3.15,0.51,9.3,7
7.8,0.21,0.39,1.8,0.034,62,180,0.991,3.09,0.75,12.6,8
6.7,0.18,0.3,6.4,0.048,40,251,0.9956,3.29,0.52,10,5
6.7,0.18,0.3,6.4,0.048,40,251,0.9956,3.29,0.52,10,5
8.4,0.58,0.27,12.15,0.033,37,116,0.9959,2.99,0.39,10.8,6
7.2,0.16,0.32,0.8,0.04,50,121,0.9922,3.27,0.33,10,6
8.4,0.58,0.27,12.15,0.033,37,116,0.9959,2.99,0.39,10.8,6
7.3,0.23,0.37,1.9,0.041,51,165,0.9908,3.26,0.4,12.2,8
7,0.46,0.39,6.2,0.039,46,163,0.9928,3.21,0.35,12.2,7
8.2,0.35,0.4,6.3,0.039,35,162,0.9936,3.15,0.34,11.9,7
7.8,0.29,0.36,7,0.042,38,161,0.9941,3.26,0.37,11.2,8
5.7,0.21,0.24,2.3,0.047,60,189,0.995,3.65,0.72,10.1,6
6.7,0.18,0.3,6.4,0.048,40,251,0.9956,3.29,0.52,10,5
6.2,0.12,0.26,5.7,0.044,56,158,0.9951,3.52,0.37,10.5,6
6.4,0.25,0.33,1.4,0.04,42,115,0.9906,3.19,0.48,11.3,7
6.9,0.32,0.16,1.4,0.051,15,96,0.994,3.22,0.38,9.5,4
7.6,0.27,0.24,3.8,0.058,19,115,0.9958,3.15,0.45,8.9,5
7.4,0.64,0.47,14.15,0.168,42,185,0.9984,2.9,0.49,9.3,5
8.3,0.26,0.41,9.2,0.042,41,162,0.9944,3.1,0.38,12,7
6.9,0.27,0.41,1.7,0.047,6,134,0.9929,3.15,0.69,11.4,6
5.7,0.43,0.3,5.7,0.039,24,98,0.992,3.54,0.61,12.3,7
6.8,0.23,0.4,1.6,0.047,5,133,0.993,3.23,0.7,11.4,6
7.3,0.18,0.29,1.2,0.044,12,143,0.9918,3.2,0.48,11.3,7
6.2,0.16,0.47,1.4,0.029,23,81,0.99,3.26,0.42,12.2,6
6.6,0.42,0.33,2.8,0.034,15,85,0.99,3.28,0.51,13.4,6
7.3,0.18,0.29,1.2,0.044,12,143,0.9918,3.2,0.48,11.3,7
7.3,0.25,0.36,13.1,0.05,35,200,0.9986,3.04,0.46,8.9,7
8.2,0.22,0.36,6.8,0.034,12,90,0.9944,3.01,0.38,10.5,8
7.1,0.19,0.28,3.6,0.033,16,78,0.993,2.91,0.78,11.4,6
7,0.2,0.34,5.7,0.035,32,83,0.9928,3.19,0.46,11.5,6
8.1,0.29,0.49,7.1,0.042,22,124,0.9944,3.14,0.41,10.8,6
5.8,0.17,0.3,1.4,0.037,55,130,0.9909,3.29,0.38,11.3,6
6.6,0.23,0.26,1.3,0.045,16,128,0.9934,3.36,0.6,10,6
6.9,0.35,0.74,1,0.044,18,132,0.992,3.13,0.55,10.2,5
6.9,0.23,0.24,14.2,0.053,19,94,0.9982,3.17,0.5,9.6,5
8.2,0.18,0.49,1.1,0.033,28,81,0.9923,3,0.68,10.4,7
6.1,0.25,0.49,7.6,0.052,67,226,0.9956,3.16,0.47,8.9,5
7.2,0.26,0.74,13.6,0.05,56,162,0.998,3.03,0.44,8.8,5
7.2,0.31,0.24,1.4,0.057,17,117,0.9928,3.16,0.35,10.5,5
7,0.18,0.49,5.3,0.04,34,125,0.9914,3.24,0.4,12.2,6
6.9,0.19,0.49,6.6,0.036,49,172,0.9932,3.2,0.27,11.5,6
7.2,0.4,0.49,1.1,0.048,11,138,0.9929,3.01,0.42,9.3,5
7.8,0.43,0.49,13,0.033,37,158,0.9955,3.14,0.35,11.3,6
7.6,0.52,0.49,14,0.034,37,156,0.9958,3.14,0.38,11.8,7
8.3,0.21,0.49,19.8,0.054,50,231,1.0012,2.99,0.54,9.2,5
6.9,0.34,0.74,11.2,0.069,44,150,0.9968,3,0.81,9.2,5
6.3,0.27,0.49,1.2,0.063,35,92,0.9911,3.38,0.42,12.2,6
7.9,0.11,0.49,4.5,0.048,27,133,0.9946,3.24,0.42,10.6,6
8.5,0.17,0.74,3.6,0.05,29,128,0.9928,3.28,0.4,12.4,6
7.2,0.4,0.49,1.1,0.048,11,138,0.9929,3.01,0.42,9.3,5
7,0.2,0.49,5.9,0.038,39,128,0.9938,3.21,0.48,10.8,6
7.2,0.08,0.49,1.3,0.05,18,148,0.9945,3.46,0.44,10.2,6
7.2,0.08,0.49,1.3,0.05,18,148,0.9945,3.46,0.44,10.2,6
6.7,0.16,0.49,2.4,0.046,57,187,0.9952,3.62,0.81,10.4,6
7.4,0.28,0.49,1.5,0.034,20,126,0.9918,2.98,0.39,10.6,6
5.6,0.185,0.49,1.1,0.03,28,117,0.9918,3.55,0.45,10.3,6
8,0.3,0.49,9.4,0.046,47,188,0.9964,3.14,0.48,10,5
7.7,0.27,0.49,1.8,0.041,23,86,0.9914,3.16,0.42,12.5,6
6.7,0.51,0.24,2.1,0.043,14,155,0.9904,3.22,0.6,13,6
8.3,0.2,0.49,1.7,0.04,34,169,0.9938,3.05,0.37,10.1,5
6.8,0.36,0.24,4.6,0.039,24,124,0.9909,3.27,0.34,12.6,7
7,0.17,0.74,12.8,0.045,24,126,0.9942,3.26,0.38,12.2,8
8.1,0.2,0.49,8.1,0.051,51,205,0.9954,3.1,0.52,11,6
7.9,0.2,0.49,1.6,0.053,15,144,0.993,3.16,0.47,10.5,5
7.3,0.155,0.49,1.3,0.039,34,136,0.9926,3.14,0.77,10.5,6
8.4,0.23,0.49,7.8,0.035,22,95,0.9935,3.04,0.34,12,6
8.3,0.2,0.49,1.7,0.04,34,169,0.9938,3.05,0.37,10.1,5
7.4,0.27,0.49,1.1,0.037,33,156,0.992,3.15,0.54,11.1,6
6.6,0.21,0.49,18.15,0.042,41,158,0.9997,3.28,0.39,8.7,6
7.5,0.23,0.49,7.7,0.049,61,209,0.9941,3.14,0.3,11.1,7
8.5,0.15,0.49,1.5,0.031,17,122,0.9932,3.03,0.4,10.3,6
8.9,0.13,0.49,1,0.028,6,24,0.9926,2.91,0.32,9.9,5
6.7,0.29,0.49,4.7,0.034,35,156,0.9945,3.13,0.45,9.9,6
7.1,0.36,0.24,1.8,0.025,32,102,0.9903,3.34,0.59,12.8,6
7.9,0.42,0.49,8.2,0.056,32,164,0.9965,3.29,0.6,11.2,7
6.9,0.24,0.49,1.3,0.032,35,148,0.9932,3.45,0.57,10.7,7
7.9,0.18,0.49,5.2,0.051,36,157,0.9953,3.18,0.48,10.6,6
6.2,0.43,0.49,6.4,0.045,12,115,0.9963,3.27,0.57,9,4
7.8,0.3,0.74,1.8,0.033,33,156,0.991,3.29,0.52,12.8,6
8.5,0.19,0.49,3.5,0.044,29,117,0.9938,3.14,0.51,10.1,6
7.4,0.3,0.49,8.2,0.055,49,188,0.9974,3.52,0.58,9.7,6
6.9,0.22,0.49,7,0.063,50,168,0.9957,3.54,0.5,10.3,6
9.8,0.31,0.49,15.4,0.046,13,119,1.0004,3.18,0.45,9.5,5
8.4,0.24,0.49,7.4,0.039,46,108,0.9934,3.03,0.33,11.9,7
6.4,0.18,0.74,11.9,0.046,54,168,0.9978,3.58,0.68,10.1,5
7,0.29,0.49,3.8,0.047,37,136,0.9938,2.95,0.4,9.4,6
6.4,0.27,0.49,7.3,0.046,53,206,0.9956,3.24,0.43,9.2,6
6.3,0.24,0.74,1.4,0.172,24,108,0.9932,3.27,0.39,9.9,6
6.7,0.33,0.49,1.6,0.167,20,94,0.9914,3.11,0.5,11.4,6
8.2,0.34,0.49,8,0.046,55,223,0.996,3.08,0.52,10.7,6
8.2,0.26,0.49,5.2,0.04,19,100,0.9941,3.12,0.34,10.1,6
7.8,0.26,0.49,3.2,0.027,28,87,0.9919,3.03,0.32,11.3,7
6.2,0.22,0.49,6,0.029,31,128,0.9928,3.41,0.36,11.3,8
7.8,0.26,0.49,3.2,0.027,28,87,0.9919,3.03,0.32,11.3,7
8.9,0.32,0.49,1.6,0.05,17,131,0.9956,3.13,0.34,9.4,5
6.5,0.44,0.49,7.7,0.045,16,169,0.9957,3.11,0.37,8.7,6
6.4,0.26,0.49,6.4,0.037,37,161,0.9954,3.38,0.53,9.7,6
9,0.22,0.49,10.4,0.048,52,195,0.9987,3.31,0.44,10.2,6
8.2,0.2,0.49,3.5,0.057,14,108,0.9928,3.19,0.35,11.5,6
7.8,0.49,0.49,7,0.043,29,149,0.9952,3.21,0.33,10,5
8.1,0.12,0.49,1.2,0.042,43,160,0.9934,3.13,0.48,9.7,6
7.6,0.47,0.49,13,0.239,42,220,0.9988,2.96,0.51,9.2,5
7.9,0.22,0.49,3.8,0.042,26,105,0.993,3.1,0.39,10.5,5
6.4,0.22,0.49,7.5,0.054,42,151,0.9948,3.27,0.52,10.1,6
8.1,0.3,0.49,12.3,0.049,50,144,0.9971,3.09,0.57,10.2,7
7.8,0.21,0.49,1.2,0.036,20,99,0.99,3.05,0.28,12.1,7
8.2,0.29,0.49,1,0.044,29,118,0.9928,3.24,0.36,10.9,4
7.9,0.33,0.28,31.6,0.053,35,176,1.0103,3.15,0.38,8.8,6
6.6,0.46,0.49,7.4,0.052,19,184,0.9956,3.11,0.38,9,5
7.8,0.28,0.49,1.3,0.046,27,142,0.9936,3.09,0.59,10.2,5
8.1,0.28,0.46,15.4,0.059,32,177,1.0004,3.27,0.58,9,4
7.9,0.18,0.33,1.2,0.033,20,72,0.9922,3.12,0.38,10.5,7
7.1,0.31,0.38,1.2,0.036,10,124,0.9924,3.14,0.44,9.9,6
7.8,0.24,0.18,6.7,0.046,33,160,0.9963,3.2,0.56,9.8,6
6.6,0.27,0.31,5.3,0.137,35,163,0.9951,3.2,0.38,9.3,5
6.4,0.35,0.2,5.7,0.034,18,117,0.9944,3.33,0.43,10.1,5
7.6,0.32,0.34,18.35,0.054,44,197,1.0008,3.22,0.55,9,5
7.2,0.25,0.28,14.4,0.055,55,205,0.9986,3.12,0.38,9,7
7.3,0.26,0.33,17.85,0.049,41.5,195,1,3.06,0.44,9.1,7
7.4,0.26,0.37,9.4,0.047,42,147,0.9982,3.46,0.72,10,5
7,0.24,0.3,4.2,0.04,41,213,0.9927,3.28,0.49,11.8,6
8.5,0.32,0.36,14.9,0.041,47,190,0.9982,3.08,0.31,10,6
7.9,0.29,0.36,11.1,0.033,43,208,0.9969,3.14,0.46,10.3,5
6.6,0.25,0.31,1.5,0.035,32,127,0.9921,3.41,0.47,11.3,6
7,0.61,0.26,1.7,0.051,25,161,0.9946,3.36,0.6,10.6,4
6.8,0.22,0.3,13.6,0.055,50,180,0.9984,3.44,0.39,9.8,5
8.1,0.31,0.24,1.6,0.032,10,67,0.9924,3.08,0.47,10.5,5
6.8,0.3,0.24,6.6,0.123,35,116,0.9953,3.07,0.48,9.4,5
6.5,0.18,0.34,1.6,0.04,43,148,0.9912,3.32,0.59,11.5,8
9.3,0.2,0.33,1.7,0.05,28,178,0.9954,3.16,0.43,9,4
5.8,0.23,0.27,1.8,0.043,24,69,0.9933,3.38,0.31,9.4,6
7.6,0.2,0.39,2.6,0.044,30,180,0.9941,3.46,0.44,10.8,7
7.5,0.4,1,19.5,0.041,33,148,0.9977,3.24,0.38,12,6
7.6,0.445,0.44,14.5,0.045,68,212,0.9986,3.48,0.36,10,6
9.2,0.23,0.3,1.1,0.031,40,99,0.9929,2.94,0.3,10.4,6
6.9,0.16,0.3,9.6,0.057,50,185,0.9978,3.39,0.38,9.6,6
6.7,0.16,0.28,2.5,0.046,40,153,0.9921,3.38,0.51,11.4,7
6.9,0.29,0.23,8.6,0.056,56,215,0.9967,3.17,0.44,8.8,5
7.3,0.21,0.3,10.9,0.037,18,112,0.997,3.4,0.5,9.6,6
6.7,0.27,0.25,8,0.053,54,202,0.9961,3.22,0.43,9.3,5
7.8,0.39,0.26,9.9,0.059,33,181,0.9955,3.04,0.42,10.9,6
8.7,0.45,0.4,1.5,0.067,17,100,0.9957,3.27,0.57,10.1,6
6.7,0.24,0.29,6.8,0.038,54,127,0.9932,3.33,0.46,11.6,7
7.2,0.26,0.3,2.1,0.033,50,158,0.9909,3.33,0.43,12.1,7
7.8,0.2,0.24,1.6,0.026,26,189,0.991,3.08,0.74,12.1,7
7.4,0.35,0.31,17.95,0.062,42,187,1.0002,3.27,0.64,9.1,5
6.9,0.25,0.27,9.05,0.039,37,128,0.9936,3.27,0.34,11.3,8
6.8,0.23,0.29,15.4,0.073,56,173,0.9984,3.06,0.41,8.7,6
9.4,0.16,0.23,1.6,0.042,14,67,0.9942,3.07,0.32,9.5,5
8.8,0.2,0.43,15,0.053,60,184,1.0008,3.28,0.79,8.8,6
7.2,0.15,0.38,1.2,0.038,18,110,0.9917,3.19,0.43,11.1,6
6.8,0.33,0.28,1.2,0.032,38,131,0.9889,3.19,0.41,13,6
6.8,0.3,0.35,2.8,0.038,10,164,0.9912,3.09,0.53,12,6
8.2,0.42,0.29,4.1,0.03,31,100,0.9911,3,0.32,12.8,7
7.3,0.19,0.24,6.3,0.054,34,231,0.9964,3.36,0.54,10,6
7.4,0.49,0.24,15.1,0.03,34,153,0.9953,3.13,0.51,12,7
6.4,0.21,0.3,5.6,0.044,43,160,0.9949,3.6,0.41,10.6,6
8,0.55,0.42,12.6,0.211,37,213,0.9988,2.99,0.56,9.3,5
6.9,0.18,0.33,1,0.054,24,164,0.9926,3.42,0.51,10.5,5
8.3,0.28,0.45,7.8,0.059,32,139,0.9972,3.33,0.77,11.2,6
6.8,0.24,0.35,6.4,0.048,44,172,0.9944,3.29,0.55,10.5,7
8,0.22,0.28,14,0.053,83,197,0.9981,3.14,0.45,9.8,6
10,0.91,0.42,1.6,0.056,34,181,0.9968,3.11,0.46,10,4
8.9,0.34,0.34,1.6,0.056,13,176,0.9946,3.14,0.47,9.7,5
6.7,0.18,0.19,4.7,0.046,57,161,0.9946,3.32,0.66,10.5,6
6.6,0.28,0.3,7.8,0.049,57,202,0.9958,3.24,0.39,9.5,5
7.6,0.27,0.25,13.9,0.05,45,199,0.9984,3.34,0.5,9.8,6
6.3,0.19,0.21,1.8,0.049,35,163,0.9924,3.31,0.5,10.3,6
6.6,0.31,0.38,16.05,0.058,16,165,0.9997,3.38,0.6,9.2,5
8,0.25,0.26,14,0.043,41,248,0.9986,3.03,0.57,8.7,6
7.2,0.2,0.61,16.2,0.043,14,103,0.9987,3.06,0.36,9.2,6
7.7,0.3,0.42,14.3,0.045,45,213,0.9991,3.18,0.63,9.2,5
7.7,0.3,0.42,14.3,0.045,45,213,0.9991,3.18,0.63,9.2,5
7.7,0.3,0.42,14.3,0.045,45,213,0.9991,3.18,0.63,9.2,5
6.4,0.22,0.32,7.9,0.029,34,124,0.9948,3.4,0.39,10.2,5
7.3,0.24,0.41,13.6,0.05,41,178,0.9988,3.37,0.43,9.7,5
7.6,0.15,0.4,1.3,0.036,24,112,0.9932,3.14,0.76,10,5
6.8,0.24,0.31,18.3,0.046,40,142,1,3.3,0.41,8.7,5
6.7,0.44,0.31,1.9,0.03,41,104,0.99,3.29,0.62,12.6,7
7.4,0.21,0.3,7.9,0.039,14,118,0.9942,2.96,0.34,10.4,5
7.2,0.36,0.36,5.7,0.038,26,98,0.9914,2.93,0.59,12.5,7
7.9,0.3,0.27,8.5,0.036,20,112,0.9939,2.96,0.46,11.7,6
8.3,0.23,0.3,2.1,0.049,21,153,0.9953,3.09,0.5,9.6,6
8.1,0.26,0.33,11.1,0.052,52.5,158,0.9976,3.03,0.49,10.2,7
7.6,0.13,0.34,9.3,0.062,40,126,0.9966,3.21,0.39,9.6,5
7,0.12,0.19,4.9,0.055,27,127,0.9953,3.29,0.41,9.4,5
7.1,0.25,0.28,1.6,0.052,46,169,0.9926,3.05,0.41,10.5,5
9.2,0.27,0.34,10.5,0.043,49,228,0.9974,3.04,0.41,10.4,6
7.2,0.47,0.65,8.3,0.083,27,182,0.9964,3,0.35,9.2,5
6.8,0.28,0.36,1.6,0.04,25,87,0.9924,3.23,0.66,10.3,6
8.8,0.34,0.33,9.7,0.036,46,172,0.9966,3.08,0.4,10.2,5
6.8,0.31,0.32,7.6,0.052,35,143,0.9959,3.14,0.38,9,5
7.2,0.19,0.31,1.4,0.046,37,135,0.9939,3.34,0.57,10.2,7
8,0.25,0.13,17.2,0.036,49,219,0.9996,2.96,0.46,9.7,5
7.4,0.32,0.55,16.6,0.056,53,238,1.0017,2.96,0.58,8.7,6
8.5,0.17,0.31,1,0.024,13,91,0.993,2.79,0.37,10.1,5
6.8,0.28,0.37,7,0.057,35,208,0.9973,3.57,0.55,10.2,5
7.9,0.33,0.26,1.2,0.044,23,103,0.9932,3.19,0.54,10.5,6
7.6,0.2,0.3,14.2,0.056,53,212.5,0.999,3.14,0.46,8.9,8
7.6,0.2,0.3,14.2,0.056,53,212.5,0.999,3.14,0.46,8.9,8
8,0.22,0.32,10.4,0.043,63,201,0.997,3.11,0.53,9.5,6
7,0.28,0.33,14.6,0.043,47,168,0.9994,3.34,0.67,8.8,6
7.3,0.18,0.31,17.3,0.055,32,197,1.0002,3.13,0.46,9,6
7.6,0.17,0.35,1.6,0.047,43,154,0.9934,3.36,0.69,11.1,6
7.4,0.26,0.31,2.4,0.043,58,178,0.9941,3.42,0.68,10.6,6
7,0.28,0.33,14.6,0.043,47,168,0.9994,3.34,0.67,8.8,6
8.4,0.2,0.38,11.8,0.055,51,170,1.0004,3.34,0.82,8.9,6
5.6,0.18,0.31,1.5,0.038,16,84,0.9924,3.34,0.58,10.1,6
7.2,0.15,0.39,1.8,0.043,21,159,0.9948,3.52,0.47,10,5
6.6,0.32,0.22,16.7,0.046,38,133,0.9979,3.22,0.67,10.4,6
7.6,0.34,0.39,7.6,0.04,45,215,0.9965,3.11,0.53,9.2,6
6.4,0.26,0.4,1.7,0.179,5,60,0.9925,3.09,0.54,10.1,5
6.9,0.32,0.15,8.1,0.046,51,180,0.9958,3.13,0.45,8.9,5
8.9,0.21,0.34,7.1,0.037,33,150,0.9962,3.1,0.45,9.7,6
5.6,0.13,0.27,4.8,0.028,22,104,0.9948,3.34,0.45,9.2,6
8.7,0.24,0.35,0.6,0.042,11,71,0.9926,3.08,0.38,10.6,5
6.8,0.33,0.44,7,0.05,29,155,0.9955,3.14,0.42,9.5,5
6.3,0.28,0.24,8.45,0.031,32,172,0.9958,3.39,0.57,9.7,7
8.6,0.485,0.29,4.1,0.026,19,101,0.9918,3.01,0.38,12.4,5
7.3,0.29,0.29,4.6,0.029,27,155,0.9931,3.07,0.26,10.6,6
5.7,0.46,0.46,1.4,0.04,31,169,0.9932,3.13,0.47,8.8,5
6.7,0.23,0.33,1.8,0.036,23,96,0.9925,3.32,0.4,10.8,6
6.6,0.22,0.28,4.9,0.042,51,180,0.9952,3.3,0.75,9.5,6
5.7,0.32,0.18,1.4,0.029,26,104,0.9906,3.44,0.37,11,6
7.1,0.33,0.25,1.6,0.03,25,126,0.9901,3.22,0.34,12.1,7
7.3,0.34,0.3,1.3,0.057,25,173,0.9948,3.26,0.51,9.1,6
6.6,0.27,0.29,5.3,0.045,57,189,0.9953,3.31,0.79,9.8,5
5.9,0.17,0.3,1.4,0.042,25,119,0.9931,3.68,0.72,10.5,6
7.4,0.45,0.32,7.1,0.044,17,117,0.9962,3.32,0.41,10.4,4
7.9,0.17,0.32,1.6,0.053,47,150,0.9948,3.29,0.76,9.6,6
8.3,0.17,0.31,1.5,0.049,48,153,0.9942,3.12,0.58,9.4,6
7.9,0.17,0.32,1.6,0.053,47,150,0.9948,3.29,0.76,9.6,6
7.2,0.24,0.19,7.7,0.045,53,176,0.9958,3.17,0.38,9.5,5
5.3,0.76,0.03,2.7,0.043,27,93,0.9932,3.34,0.38,9.2,5
6.8,0.32,0.34,6,0.05,5,129,0.9953,3.19,0.4,9.1,5
7.4,0.18,0.36,13.1,0.056,72,163,1,3.42,0.35,9.1,6
6,0.16,0.3,6.7,0.043,43,153,0.9951,3.63,0.46,10.6,5
6.7,0.24,0.33,12.3,0.046,31,145,0.9983,3.36,0.4,9.5,5
6.8,0.28,0.35,2.3,0.042,16,85,0.9906,3.19,0.56,12.4,6
6,0.27,0.15,1.5,0.056,35,128,0.9936,3.12,0.45,8.8,5
6,0.16,0.3,6.7,0.043,43,153,0.9951,3.63,0.46,10.6,5
7.7,0.23,0.31,10.7,0.038,59,186,0.9969,3.12,0.55,9.5,6
5.7,0.33,0.15,1.9,0.05,20,93,0.9934,3.38,0.62,9.9,5
7.7,0.26,0.32,1.2,0.04,26,117,0.993,3.21,0.56,10.8,5
6.4,0.2,0.32,3.1,0.041,18,126,0.9914,3.43,0.42,12,6
8,0.16,0.36,1.5,0.033,14,122,0.9941,3.2,0.39,10.3,4
6.5,0.43,0.28,12,0.056,23,174,0.9986,3.31,0.55,9.3,5
7.2,0.16,0.26,7.1,0.054,41,224,0.9966,3.38,0.55,10.1,5
7.9,0.18,0.36,5.9,0.058,31,132,0.995,3.25,0.52,10.9,6
5.5,0.24,0.32,8.7,0.06,19,102,0.994,3.27,0.31,10.4,5
8.2,0.21,0.32,10.65,0.053,53,145,0.9972,3.17,0.48,10.2,6
7.2,0.2,0.31,10,0.054,49,165,0.997,3.4,0.42,9.9,6
7.7,0.28,0.35,15.3,0.056,31,117,0.9998,3.27,0.5,9.6,5
8.5,0.25,0.27,4.7,0.031,31,92,0.9922,3.01,0.33,12,6
9.9,0.49,0.23,2.4,0.087,19,115,0.9948,2.77,0.44,9.4,6
7.4,0.19,0.3,12.8,0.053,48.5,229,0.9986,3.14,0.49,9.1,7
7.4,0.19,0.3,12.8,0.053,48.5,229,0.9986,3.14,0.49,9.1,7
6.6,0.32,0.27,10.9,0.041,37,146,0.9963,3.24,0.47,10,5
6.3,0.3,0.24,6.6,0.04,38,141,0.995,3.22,0.47,9.5,5
6.5,0.39,0.81,1.2,0.217,14,74,0.9936,3.08,0.53,9.5,5
7.1,0.18,0.32,12.2,0.048,36,125,0.9967,2.92,0.54,9.4,6
7,0.22,0.26,1.1,0.037,20,71,0.9902,3.1,0.38,11.7,6
7.1,0.26,0.19,8.2,0.051,53,187,0.996,3.16,0.52,9.7,5
7.1,0.26,0.19,8.2,0.051,53,187,0.996,3.16,0.52,9.7,5
7.6,0.27,0.33,2,0.059,19,175,0.9944,3.22,0.56,9.9,5
8.9,0.24,0.33,15.75,0.035,16,132,0.996,3,0.37,12.1,6
7,0.32,0.35,1.5,0.039,24,125,0.9918,3.17,0.64,12.2,6
7.4,0.24,0.26,1.6,0.058,53,150,0.9936,3.18,0.5,9.9,7
7,0.32,0.35,1.5,0.039,24,125,0.9918,3.17,0.64,12.2,6
7.4,0.17,0.29,1.4,0.047,23,107,0.9939,3.52,0.65,10.4,6
7.8,0.3,0.37,1.3,0.051,16,96,0.9941,3.32,0.62,10,5
8.1,0.25,0.38,3.8,0.051,18,129,0.9928,3.21,0.38,11.5,6
7,0.22,0.32,1.6,0.045,40,120,0.9914,2.98,0.44,10.5,6
8.5,0.28,0.34,13.8,0.041,32,161,0.9981,3.13,0.4,9.9,6
8,0.45,0.28,10.8,0.051,25,157,0.9957,3.06,0.47,11.4,7
6.5,0.39,0.35,1.6,0.049,10,164,0.99516,3.35,0.51,9.7,5
6.9,0.44,0.42,8.5,0.048,10,147,0.9974,3.32,0.46,9.5,6
7.5,0.31,0.24,7.1,0.031,28,141,0.99397,3.16,0.38,10.6,7
6.4,0.34,0.2,14.9,0.06,37,162,0.9983,3.13,0.45,9,4
9.2,0.34,0.54,17.3,0.06,46,235,1.00182,3.08,0.61,8.8,6
7.2,0.29,0.2,7.7,0.046,51,174,0.99582,3.16,0.52,9.5,5
7.3,0.21,0.21,1.6,0.046,35,133,0.99466,3.38,0.46,10,6
7.6,0.48,0.28,10.4,0.049,57,205,0.99748,3.24,0.45,9.3,5
7.6,0.48,0.28,10.4,0.049,57,205,0.99748,3.24,0.45,9.3,5
8.5,0.25,0.31,2.8,0.032,11,61,0.99189,3.06,0.44,11.5,6
7.3,0.19,0.25,1.4,0.051,41,107,0.99382,3.53,0.66,10.5,7
7.5,0.29,0.26,14.95,0.067,47,178,0.99838,3.04,0.49,9.2,4
7.4,0.33,0.26,15.6,0.049,67,210,0.99907,3.06,0.68,9.5,5
7.3,0.4,0.28,6.5,0.037,26,97,0.99148,3.16,0.58,12.6,7
6.5,0.32,0.23,1.2,0.054,39,208,0.99272,3.18,0.46,9.9,6
6.5,0.29,0.42,10.6,0.042,66,202,0.99674,3.24,0.53,9.5,6
7.3,0.3,0.33,2.3,0.043,28,125,0.99084,3.34,0.44,12.6,7
6.9,0.44,0.18,11.8,0.051,26,126,0.9975,3.23,0.48,9.1,5
7,0.36,0.3,5,0.04,40,143,0.99173,3.33,0.42,12.2,7
5.6,0.295,0.2,2.2,0.049,18,134,0.99378,3.21,0.68,10,5
6.8,0.21,0.55,14.6,0.053,34,159,0.99805,2.93,0.44,9.2,5
8.1,0.28,0.34,1.3,0.035,11,126,0.99232,3.14,0.5,9.8,6
6.8,0.21,0.55,14.6,0.053,34,159,0.99805,2.93,0.44,9.2,5
7.7,0.42,0.38,8.1,0.061,49,144,0.9966,3.4,0.58,11,6
7.5,0.26,0.59,11.8,0.046,58,164,0.99814,3.17,0.46,8.9,4
6.6,0.4,0.32,1.7,0.035,39,84,0.99096,3.59,0.48,12.7,7
4.6,0.445,0,1.4,0.053,11,178,0.99426,3.79,0.55,10.2,5
7,0.35,0.17,1.1,0.049,7,119,0.99297,3.13,0.36,9.7,6
7.5,0.38,0.29,12.7,0.05,25,209,0.9986,3.25,0.59,9.3,6
7.5,0.23,0.35,17.8,0.058,128,212,1.00241,3.44,0.43,8.9,5
7,0.23,0.26,7.2,0.041,21,90,0.99509,3.22,0.55,9.5,6
7.7,0.29,0.29,4.8,0.06,27,156,0.99572,3.49,0.59,10.3,6
7.2,0.34,0.3,8.4,0.051,40,167,0.99756,3.48,0.62,9.7,5
7.7,0.4,0.27,4.5,0.034,27,95,0.99175,3.21,0.59,12.3,8
7.5,0.23,0.29,2.6,0.031,24,98,0.99194,3,0.54,10.9,6
7.9,0.46,0.4,10.1,0.168,19,184,0.99782,3.06,0.62,9.5,5
7.9,0.25,0.34,11.4,0.04,53,202,0.99708,3.11,0.57,9.6,6
6.6,0.32,0.24,1.3,0.06,42.5,204,0.99512,3.59,0.51,9.2,5
7.4,0.33,0.44,7.6,0.05,40,227,0.99679,3.12,0.52,9,5
7.2,0.3,0.3,8.1,0.05,40,188,0.99652,3.15,0.49,9.1,6
6.4,0.27,0.19,2,0.084,21,191,0.99516,3.49,0.63,9.6,4
6.4,0.27,0.19,1.9,0.085,21,196,0.99516,3.49,0.64,9.5,4
7,0.23,0.42,5.1,0.042,37,144,0.99518,3.5,0.59,10.2,6
6.9,0.15,0.28,4.4,0.029,14,107,0.99347,3.24,0.46,10.4,8
6.7,0.26,0.29,5.8,0.025,26,74,0.9929,3.28,0.53,11,6
6.9,0.3,0.29,1.3,0.053,24,189,0.99362,3.29,0.54,9.9,4
7.6,0.21,0.35,1.2,0.041,7,106,0.9914,3.06,0.45,11.3,4
6.4,0.17,0.34,1.5,0.093,43,136,0.9938,3.25,0.49,9.6,6
9.2,0.16,0.49,2,0.044,18,107,0.99514,3.1,0.53,10.2,4
9.8,0.16,0.46,1.8,0.046,23,130,0.99587,3.04,0.67,9.6,5
7.9,0.44,0.26,4.45,0.033,23,100,0.99117,3.17,0.52,12.7,6
8,0.27,0.25,19.1,0.045,50,208,1.00051,3.05,0.5,9.2,6
7.3,0.815,0.09,11.4,0.044,45,204,0.99713,3.15,0.46,9,5
6.1,0.36,0.41,19.35,0.07,67,207,1.00118,3.39,0.53,9.1,5
8.1,0.4,0.32,7.9,0.031,23,118,0.99176,3.05,0.46,13.3,7
6.8,0.26,0.43,11.75,0.045,53,198,0.9969,3.26,0.55,9.5,5
7.2,0.24,0.29,3,0.036,17,117,0.99411,3.36,0.68,10.1,6
7.3,0.22,0.26,1.5,0.04,32,172,0.99194,3.27,0.48,11.2,6
7.4,0.35,0.2,13.9,0.054,63,229,0.99888,3.11,0.5,8.9,6
8,0.26,0.28,4.8,0.05,34,150,0.99437,3.13,0.5,10,6
6.8,0.46,0.26,6.3,0.147,49,159,0.99434,3.14,0.47,10,5
6.5,0.27,0.26,8.2,0.042,21,133,0.99612,3.43,0.64,9.8,6
6.6,0.26,0.27,1.5,0.04,19,114,0.99295,3.36,0.62,10.5,6
6.6,0.56,0.15,10,0.037,38,157,0.99642,3.28,0.52,9.4,5
6.6,0.56,0.15,10,0.037,38,157,0.99642,3.28,0.52,9.4,5
6.3,0.2,0.26,1.6,0.027,36,141,0.99268,3.53,0.56,10.8,6
8.1,0.33,0.36,7.4,0.037,36,156,0.99592,3.19,0.54,10.6,6
8.2,0.26,0.33,2.6,0.053,11,71,0.99402,2.89,0.49,9.5,5
7.5,0.27,0.79,11.95,0.04,51,159,0.99839,2.98,0.44,8.7,5
5.2,0.16,0.34,0.8,0.029,26,77,0.99155,3.25,0.51,10.1,6
6,0.29,0.21,15.55,0.043,20,142,0.99658,3.11,0.54,10.1,6
7.4,0.56,0.09,1.5,0.071,19,117,0.99496,3.22,0.53,9.8,5
6.1,0.27,0.31,1.5,0.035,17,83,0.99076,3.32,0.44,11.1,7
6.3,0.27,0.37,7.9,0.047,58,215,0.99542,3.19,0.48,9.5,6
6.7,0.24,0.32,10.3,0.079,37,122,0.99662,3.02,0.45,8.8,5
7.9,0.27,0.27,1.7,0.034,25,122,0.99088,2.97,0.51,11.9,6
6.1,0.28,0.24,19.95,0.074,32,174,0.99922,3.19,0.44,9.3,6
6.4,0.31,0.4,6.4,0.039,39,191,0.99513,3.14,0.52,9.8,5
7.4,0.4,0.41,14.1,0.053,37,194,0.99886,3.2,0.63,9.4,6
6.6,0.26,0.25,11.6,0.045,45,178,0.99691,3.33,0.43,9.8,6
7.3,0.51,0.29,11.3,0.034,61,224,0.99683,3.14,0.56,9.5,6
7.3,0.16,0.35,1.5,0.036,29,108,0.99342,3.27,0.51,10.2,6
6.6,0.42,0.13,12.8,0.044,26,158,0.99772,3.24,0.47,9,5
6.7,0.54,0.27,7.1,0.049,8,178,0.99502,3.16,0.38,9.4,4
6.8,0.23,0.3,1.7,0.043,19,95,0.99207,3.17,0.46,10.7,7
9,0.29,0.34,12.1,0.03,34,177,0.99706,3.13,0.47,10.6,5
9,0.26,0.34,6.7,0.029,21,162,0.99497,3.08,0.5,10.6,6
8.9,0.27,0.34,10.7,0.029,19.5,166,0.99669,3.13,0.48,10.6,5
6.2,0.33,0.14,4.8,0.052,27,128,0.99475,3.21,0.48,9.4,5
6.4,0.15,0.44,1.2,0.043,67,150,0.9907,3.14,0.73,11.2,7
6.9,0.28,0.22,10,0.052,36,131,0.99696,3.08,0.46,9.6,5
6.9,0.32,0.26,2.3,0.03,11,103,0.99106,3.06,0.42,11.1,6
5.7,0.255,0.65,1.2,0.079,17,137,0.99307,3.2,0.42,9.4,5
6.9,0.21,0.24,1.8,0.021,17,80,0.98992,3.15,0.46,12.3,7
7,0.16,0.32,1.1,0.032,29,80,0.98972,3.23,0.36,12.1,6
7,0.14,0.28,1.3,0.026,10,56,0.99352,3.46,0.45,9.9,5
6.8,0.26,0.24,1.9,0.043,70,154,0.99273,3.18,0.52,10.5,5
6.5,0.27,0.4,10,0.039,74,227,0.99582,3.18,0.5,9.4,5
5.8,0.3,0.27,1.7,0.014,45,104,0.98914,3.4,0.56,12.6,7
6.8,0.18,0.3,12.8,0.062,19,171,0.99808,3,0.52,9,7
8.2,0.52,0.34,1.2,0.042,18,167,0.99366,3.24,0.39,10.6,5
6.2,0.26,0.32,15.3,0.031,64,185,0.99835,3.31,0.61,9.4,5
6.7,0.3,0.29,2.8,0.025,37,107,0.99159,3.31,0.63,11.3,7
7.5,0.25,0.32,8.2,0.024,53,209,0.99563,3.12,0.46,10.8,6
7.1,0.2,0.3,0.9,0.019,4,28,0.98931,3.2,0.36,12,6
6.5,0.3,0.39,7.8,0.038,61,219,0.9959,3.19,0.5,9.4,5
6.6,0.36,0.52,10.1,0.05,29,140,0.99628,3.07,0.4,9.4,5
6.5,0.18,0.41,14.2,0.039,47,129,0.99678,3.28,0.72,10.3,7
6.6,0.26,0.21,2.9,0.026,48,126,0.99089,3.22,0.38,11.3,7
7,0.24,0.24,9,0.03,42,219,0.99636,3.47,0.46,10.2,6
5.9,0.445,0.26,1.4,0.027,23,109,0.99148,3.3,0.36,10.5,6
7.2,0.24,0.27,11.4,0.034,40,174,0.99773,3.2,0.44,9,5
8.2,0.32,0.26,2.1,0.062,26,87,0.98974,3.1,0.47,12.8,6
8.7,0.31,0.73,14.35,0.044,27,191,1.00013,2.96,0.88,8.7,5
7.5,0.13,0.38,1.1,0.023,42,104,0.99112,3.28,0.53,11.8,6
6.7,0.12,0.3,5.2,0.048,38,113,0.99352,3.33,0.44,10.1,7
5.7,0.18,0.36,1.2,0.046,9,71,0.99199,3.7,0.68,10.9,7
7.15,0.17,0.24,9.6,0.119,56,178,0.99578,3.15,0.44,10.2,6
6.7,0.33,0.34,6.6,0.067,35,156,0.99542,3.11,0.48,9.3,6
7.2,0.3,0.26,1.5,0.041,46,178,0.99154,3.19,0.56,11.3,6
9.6,0.655,0.21,2,0.039,21,120,0.99188,3,1,12.6,6
7.2,0.19,0.27,11.2,0.061,46,149,0.99772,2.99,0.59,9.3,6
7.6,0.32,0.25,9.5,0.03,15,136,0.99367,3.1,0.44,12.1,6
7.2,0.19,0.27,11.2,0.061,46,149,0.99772,2.99,0.59,9.3,6
7.6,0.18,0.28,7.1,0.041,29,110,0.99652,3.2,0.42,9.2,6
6.6,0.26,0.38,6.5,0.17,68,201,0.9956,3.19,0.38,9.4,6
6.7,0.26,0.39,6.4,0.171,64,200,0.99562,3.19,0.38,9.4,6
6.5,0.23,0.36,16.3,0.038,43,133,0.99924,3.26,0.41,8.8,5
7.8,0.25,0.34,13.7,0.044,66,184,0.99976,3.22,0.75,8.9,5
6.4,0.21,0.44,7.4,0.045,47,182,0.9957,3.24,0.46,9.1,5
6.8,0.23,0.42,7.4,0.044,56,189,0.9958,3.22,0.48,9.3,6
6.8,0.24,0.37,7.45,0.043,59,188,0.99579,3.2,0.5,9.4,6
7.8,0.25,0.34,13.7,0.044,66,184,0.99976,3.22,0.75,8.9,5
6.8,0.16,0.29,10.4,0.046,59,143,0.99518,3.2,0.4,10.8,6
7.5,0.18,0.31,6.5,0.029,53,160,0.99276,3.03,0.38,10.9,6
7.5,0.26,0.25,1.7,0.038,29,129,0.99312,3.45,0.56,10.4,6
6.5,0.17,0.31,1.5,0.041,34,121,0.99092,3.06,0.46,10.5,6
6.5,0.35,0.28,12.4,0.051,86,213,0.9962,3.16,0.51,9.9,6
6.5,0.29,0.31,1.7,0.035,24,79,0.99053,3.27,0.69,11.4,7
7.9,0.51,0.34,2.6,0.049,13,135,0.99335,3.09,0.51,10,5
6.5,0.17,0.31,1.5,0.041,34,121,0.99092,3.06,0.46,10.5,6
5.8,0.17,0.34,1.8,0.045,96,170,0.99035,3.38,0.9,11.8,8
7.3,0.32,0.35,1.4,0.05,8,163,0.99244,3.24,0.42,10.7,5
6.4,0.27,0.29,10.8,0.028,17,118,0.99356,3.18,0.37,11.2,6
7.7,0.3,0.34,1.2,0.048,4,119,0.99084,3.18,0.34,12.1,6
6.4,0.44,0.44,14.4,0.048,29,228,0.99955,3.26,0.54,8.8,7
6.3,0.2,0.24,1.7,0.052,36,135,0.99374,3.8,0.66,10.8,6
7,0.36,0.32,10.5,0.045,35,135,0.9935,3.09,0.33,11.6,8
7.6,0.39,0.32,3.6,0.035,22,93,0.99144,3.08,0.6,12.5,7
6.7,0.2,0.37,1.65,0.025,42,103,0.99022,3.11,0.45,11.4,5
7.8,0.965,0.6,65.8,0.074,8,160,1.03898,3.39,0.69,11.7,6
7.1,0.2,0.31,6.85,0.053,32,211,0.99587,3.31,0.59,10.4,6
8,0.3,0.36,11,0.034,8,70,0.99354,3.05,0.41,12.2,6
6.5,0.37,0.3,2.2,0.033,39,107,0.98894,3.22,0.53,13.5,7
6.8,0.35,0.53,10.1,0.053,37,151,0.9963,3.07,0.4,9.4,5
6.9,0.31,0.32,1.6,0.036,34,114,0.99068,3.19,0.45,11.4,7
6.7,0.16,0.37,1.3,0.036,45,125,0.98964,3.19,0.51,12.4,7
6.8,0.26,0.44,8.2,0.046,52,183,0.99584,3.2,0.51,9.4,5
5.6,0.15,0.31,5.3,0.038,8,79,0.9923,3.3,0.39,10.5,6
7.5,0.18,0.72,9.6,0.039,53,151,0.99802,3.03,0.46,8.9,5
7.2,0.17,0.41,1.6,0.052,24,126,0.99228,3.19,0.49,10.8,5
6.7,0.19,0.39,1,0.032,14,71,0.98912,3.31,0.38,13,7
6.3,0.25,0.22,3.3,0.048,41,161,0.99256,3.16,0.5,10.5,6
6.6,0.22,0.34,11.6,0.05,59,140,0.99526,3.22,0.4,10.8,5
6.6,0.45,0.43,7.2,0.064,31,186,0.9954,3.12,0.44,9.4,5
7.2,0.44,0.28,3.4,0.048,22,112,0.99188,3.21,0.37,11.3,7
6.3,0.25,0.22,3.3,0.048,41,161,0.99256,3.16,0.5,10.5,6
6.5,0.22,0.45,8,0.053,52,196,0.9959,3.23,0.48,9.1,6
7.3,0.26,0.3,9.3,0.05,35,154,0.99581,3.21,0.5,10.4,6
6.9,0.15,0.29,2.3,0.033,14,82,0.99132,3.1,0.58,11.2,7
6.5,0.22,0.29,7.4,0.028,16,87,0.99311,3.15,0.56,10.9,7
6.9,0.15,0.29,2.3,0.033,14,82,0.99132,3.1,0.58,11.2,7
5.8,0.2,0.34,1,0.035,40,86,0.98993,3.5,0.42,11.7,5
6.4,0.21,0.28,5.9,0.047,29,101,0.99278,3.15,0.4,11,6
6.9,0.33,0.26,5,0.027,46,143,0.9924,3.25,0.43,11.2,7
6.6,0.21,0.36,0.8,0.034,48,113,0.99165,3.24,0.68,10.5,6
7.3,0.21,0.33,1,0.037,66,144,0.9923,3.11,0.52,10.2,6
5.1,0.11,0.32,1.6,0.028,12,90,0.99008,3.57,0.52,12.2,6
5.6,0.19,0.46,1.1,0.032,33,115,0.9909,3.36,0.5,10.4,6
6.7,0.48,0.32,1.4,0.021,22,121,0.9889,3.15,0.53,12.7,7
5.4,0.23,0.36,1.5,0.03,74,121,0.98976,3.24,0.99,12.1,7
6.4,0.22,0.31,13.9,0.04,57,135,0.99672,3.21,0.38,10.7,5
5.9,0.32,0.33,2.1,0.027,35,138,0.98945,3.37,0.42,12.7,6
5.7,0.37,0.3,1.1,0.029,24,88,0.98883,3.18,0.39,11.7,6
7,0.28,0.32,7.75,0.032,30,114,0.99158,3.12,0.64,12.8,7
8.4,0.36,0.36,11.1,0.032,21,132,0.99313,2.95,0.39,13,6
7,0.31,0.39,7.5,0.055,42,218,0.99652,3.37,0.54,10.3,5
6.2,0.21,0.26,13.1,0.05,59,150,0.99772,3.31,0.46,9,5
5.7,0.21,0.25,1.1,0.035,26,81,0.9902,3.31,0.52,11.4,6
7.7,0.18,0.3,1.2,0.046,49,199,0.99413,3.03,0.38,9.3,5
6.9,0.14,0.38,1,0.041,22,81,0.99043,3.03,0.54,11.4,6
6.9,0.22,0.31,6.3,0.029,41,131,0.99326,3.08,0.49,10.8,6
6.6,0.22,0.29,14.4,0.046,39,118,0.99834,3.05,0.5,9.1,6
5.2,0.155,0.33,1.6,0.028,13,59,0.98975,3.3,0.84,11.9,8
6.6,0.22,0.29,14.4,0.046,39,118,0.99834,3.05,0.5,9.1,6
6.9,0.22,0.31,6.3,0.029,41,131,0.99326,3.08,0.49,10.8,6
6.8,0.26,0.46,8.3,0.037,49,173,0.99601,3.17,0.47,9.3,5
7.1,0.29,0.34,7.8,0.036,49,128,0.99397,3.21,0.4,10.7,6
4.9,0.33,0.31,1.2,0.016,39,150,0.98713,3.33,0.59,14,8
7.2,0.2,0.22,1.6,0.044,17,101,0.99471,3.37,0.53,10,5
6.1,0.27,0.25,1.8,0.041,9,109,0.9929,3.08,0.54,9,5
8.1,0.12,0.38,0.9,0.034,36,86,0.99026,2.8,0.55,12,6
7.2,0.2,0.22,1.6,0.044,17,101,0.99471,3.37,0.53,10,5
7.3,0.4,0.26,5.45,0.016,26,90,0.98951,2.84,0.54,13.2,7
7.7,0.11,0.34,14.05,0.04,41,114,0.99634,3.07,0.59,11,7
6.9,0.38,0.38,13.1,0.112,14,94,0.99792,3.02,0.48,9.2,5
7.5,0.38,0.29,4.9,0.021,38,113,0.99026,3.08,0.48,13,7
6.6,0.23,0.3,14.9,0.051,33,118,0.99835,3.04,0.54,9,6
7.3,0.26,0.24,1.7,0.05,10,112,0.99286,3.11,0.43,9.9,5
6.6,0.23,0.2,11.4,0.044,45,131,0.99604,2.96,0.51,9.7,6
6.7,0.36,0.26,7.9,0.034,39,123,0.99119,2.99,0.3,12.2,7
6.1,0.38,0.42,5,0.016,31,113,0.99007,3.15,0.31,12.4,7
7,0.2,0.31,8,0.05,29,213,0.99596,3.28,0.57,10.4,6
6.9,0.3,0.3,10.55,0.037,4,28,0.99184,3.07,0.32,12.7,6
6.7,0.18,0.28,10.2,0.039,29,115,0.99469,3.11,0.45,10.9,7
6.8,0.18,0.28,9.8,0.039,29,113,0.99406,3.11,0.45,10.9,7
6.3,0.37,0.28,6.3,0.034,45,152,0.9921,3.29,0.46,11.6,7
6.9,0.25,0.33,1.2,0.035,35,158,0.99082,3.02,0.58,11.3,6
6,0.32,0.3,1.3,0.025,18,112,0.98802,3.07,0.64,13.3,7
6.7,0.18,0.28,10.2,0.039,29,115,0.99469,3.11,0.45,10.9,7
6.2,0.16,0.32,1.1,0.036,74,184,0.99096,3.22,0.41,11,6
6.5,0.2,0.5,18.1,0.054,50,221,0.99941,2.94,0.64,8.8,6
6.6,0.22,0.36,5.5,0.029,30,105,0.99206,3.2,0.47,11.8,6
7,0.13,0.37,12.85,0.042,36,105,0.99581,3.05,0.55,10.7,6
7.2,0.32,0.3,8.25,0.02,14,104,0.99362,2.99,0.44,11.4,6
7,0.13,0.37,12.85,0.042,36,105,0.99581,3.05,0.55,10.7,6
7.1,0.47,0.29,14.8,0.024,22,142,0.99518,3.12,0.48,12,8
6.9,0.25,0.47,8.4,0.042,36,156,0.99604,3.15,0.55,9.4,6
7.7,0.18,0.53,1.2,0.041,42,167,0.9908,3.11,0.44,11.9,5
6.9,0.28,0.41,1.4,0.016,6,55,0.98876,3.16,0.4,13.4,5
6.2,0.25,0.38,7.9,0.045,54,208,0.99572,3.17,0.46,9.1,5
7.4,0.21,0.8,12.3,0.038,77,183,0.99778,2.95,0.48,9,5
6.1,0.18,0.38,2.3,0.033,28,111,0.98962,3.16,0.49,12.4,6
6.6,0.35,0.34,4.9,0.032,9,125,0.99253,3.32,0.81,12,5
8.5,0.19,0.48,1.1,0.026,23,58,0.99184,2.9,0.5,10.5,6
6.2,0.25,0.54,7,0.046,58,176,0.99454,3.19,0.7,10.4,5
5.8,0.31,0.32,4.5,0.024,28,94,0.98906,3.25,0.52,13.7,7
6.3,0.28,0.47,11.2,0.04,61,183,0.99592,3.12,0.51,9.5,6
7.6,0.27,0.52,3.2,0.043,28,152,0.99129,3.02,0.53,11.4,6
9.7,0.24,0.49,4.9,0.032,3,18,0.99368,2.85,0.54,10,6
6.7,0.34,0.4,2.1,0.033,34,111,0.98924,2.97,0.48,12.2,7
7,0.26,0.34,10.9,0.038,25,84,0.99432,3.11,0.34,10.9,6
6.5,0.29,0.26,7,0.04,18,113,0.99366,3.17,0.38,10.2,6
7.6,0.21,0.49,2.5,0.047,20,130,0.99178,3.15,0.48,11.1,5
7.7,0.26,0.51,2.6,0.045,26,159,0.99126,3,0.5,11.2,6
7.6,0.23,0.34,1.6,0.043,24,129,0.99305,3.12,0.7,10.4,5
6.5,0.24,0.39,17.3,0.052,22,126,0.99888,3.11,0.47,9.2,6
6.3,0.17,0.32,4.2,0.04,37,117,0.99182,3.24,0.43,11.3,6
7.6,0.3,0.38,2.1,0.043,10,98,0.99296,3.17,0.65,11,5
6.5,0.33,0.38,2.5,0.047,30,148,0.98964,3.17,0.43,12.7,6
6.6,0.25,0.35,2.9,0.034,38,121,0.99008,3.19,0.4,12.8,6
6.9,0.22,0.43,6.4,0.042,34,115,0.99293,3.05,0.51,10.8,6
5.8,0.39,0.47,7.5,0.027,12,88,0.9907,3.38,0.45,14,6
6.2,0.23,0.36,17.2,0.039,37,130,0.99946,3.23,0.43,8.8,6
7.6,0.25,1.23,4.6,0.035,51,294,0.99018,3.03,0.43,13.1,6
5.8,0.29,0.33,3.7,0.029,30,88,0.98994,3.25,0.42,12.3,6
6.5,0.34,0.46,1,0.023,6,80,0.98865,3.15,0.54,12.9,6
7.8,0.3,0.36,4.6,0.024,20,198,0.99222,3.06,0.66,11.9,6
7.3,0.2,0.39,2.3,0.048,24,87,0.99044,2.94,0.35,12,6
6.5,0.24,0.38,1,0.027,31,90,0.98926,3.24,0.36,12.3,6
6.5,0.21,0.4,7.3,0.041,49,115,0.99268,3.21,0.43,11,6
8.7,0.3,0.59,1.7,0.046,10,70,0.99373,3.06,0.56,10.8,4
6.6,0.19,0.33,1.8,0.035,42,148,0.99196,3.15,0.36,10.2,5
5.8,0.28,0.3,1.5,0.026,31,114,0.98952,3.32,0.6,12.5,7
7.6,0.24,0.44,3.8,0.037,49,146,0.9911,3.06,0.37,11.6,6
5.7,0.16,0.32,1.2,0.036,7,89,0.99111,3.26,0.48,11,5
6.4,0.22,0.38,9.1,0.044,35,127,0.99326,2.97,0.3,11,7
8.2,0.3,0.44,12.4,0.043,52,154,0.99452,3.04,0.33,12,6
5.2,0.335,0.2,1.7,0.033,17,74,0.99002,3.34,0.48,12.3,6
7.2,0.13,0.46,1.3,0.044,48,111,0.99127,2.97,0.45,11.1,5
6.5,0.29,0.25,2.5,0.142,8,111,0.9927,3,0.44,9.9,4
9,0.38,0.53,2.1,0.102,19,76,0.99001,2.93,0.57,12.9,5
6.6,0.16,0.34,1.1,0.037,41,115,0.9899,3.01,0.68,12,6
6.6,0.33,0.4,2.65,0.041,35,86,0.98916,3.11,0.39,13.3,7
5.7,0.2,0.3,2.5,0.046,38,125,0.99276,3.34,0.5,9.9,6
6.8,0.27,0.42,7.3,0.054,58,200,0.99556,3.12,0.49,9.4,6
6.2,0.2,0.26,1.1,0.047,42,119,0.99158,3.48,0.6,11,7
6.2,0.2,0.29,11.8,0.035,21,93,0.99364,3.18,0.34,11.9,6
6.4,0.23,0.35,4.6,0.039,43,147,0.99216,3.18,0.4,11,7
7.6,0.27,0.29,2.5,0.059,37,115,0.99328,3.09,0.37,9.8,5
6.6,0.34,0.24,3.3,0.034,29,99,0.99031,3.1,0.4,12.3,7
6.4,0.16,0.42,1,0.036,29,113,0.9908,3.18,0.52,11,6
5.8,0.3,0.42,1.1,0.036,19,113,0.98871,3.1,0.46,12.6,7
6.6,0.34,0.24,3.3,0.034,29,99,0.99031,3.1,0.4,12.3,7
5.3,0.3,0.16,4.2,0.029,37,100,0.9905,3.3,0.36,11.8,8
7.1,0.38,0.4,2.2,0.042,54,201,0.99177,3.03,0.5,11.4,5
7.4,0.19,0.31,14.5,0.045,39,193,0.9986,3.1,0.5,9.2,6
6.3,0.32,0.32,1.5,0.03,24,101,0.98923,3.21,0.42,13,5
7.6,0.19,0.32,18.75,0.047,32,193,1.00014,3.1,0.5,9.3,7
6.5,0.26,0.31,3.6,0.03,36,92,0.99026,3.22,0.62,12.6,8
4.2,0.215,0.23,5.1,0.041,64,157,0.99688,3.42,0.44,8,3
5.8,0.23,0.2,2,0.043,39,154,0.99226,3.21,0.39,10.2,6
6.6,0.38,0.36,9.2,0.061,42,214,0.9976,3.31,0.56,9.4,5
6.4,0.23,0.32,1.9,0.038,40,118,0.99074,3.32,0.53,11.8,7
6.6,0.23,0.3,4.6,0.06,29,154,0.99142,3.23,0.49,12.2,8
6.6,0.38,0.36,9.2,0.061,42,214,0.9976,3.31,0.56,9.4,5
7.4,0.16,0.32,1.4,0.065,23,140,0.99134,3.06,0.47,11.4,6
6.6,0.2,0.14,4.4,0.184,35,168,0.99396,2.93,0.45,9.4,6
6.8,0.23,0.31,2.8,0.047,40,122,0.99126,3.06,0.64,10.9,7
6.8,0.21,0.31,2.9,0.046,40,121,0.9913,3.07,0.65,10.9,7
7.8,0.25,0.37,1,0.043,10,80,0.99128,3.08,0.38,11.4,5
6.5,0.25,0.5,7.6,0.047,54,184,0.99572,3.17,0.45,9.2,5
6.8,0.32,0.32,8.7,0.029,31,105,0.99146,3,0.34,12.3,7
7.8,0.25,0.37,1,0.043,10,80,0.99128,3.08,0.38,11.4,5
6,0.32,0.3,1.9,0.033,41,142,0.98912,3.29,0.42,12.8,7
6.3,0.3,0.29,2.1,0.048,33,142,0.98956,3.22,0.46,12.9,7
5.9,0.24,0.28,1.3,0.032,36,95,0.98889,3.08,0.64,12.9,7
5.1,0.21,0.28,1.4,0.047,48,148,0.99168,3.5,0.49,10.4,5
7.5,0.29,0.36,15.7,0.05,29,124,0.9968,3.06,0.54,10.4,5
6.9,0.17,0.3,2,0.047,13,117,0.99152,3.16,0.51,11.6,6
6.9,0.38,0.29,13.65,0.048,52,189,0.99784,3,0.6,9.5,6
6.7,0.18,0.24,10.3,0.057,64,185,0.99519,3.12,0.5,10.6,6
7.2,0.27,0.28,15.2,0.046,6,41,0.99665,3.17,0.39,10.9,6
6.7,0.36,0.28,8.3,0.034,29,81,0.99151,2.96,0.39,12.5,6
5.3,0.32,0.23,9.65,0.026,26,119,0.99168,3.18,0.53,12.2,6
6.8,0.2,0.28,12.6,0.048,54,136,0.99556,3.19,0.37,10.7,6
6,0.22,0.33,12.2,0.033,25,97,0.99356,3.17,0.42,11.3,7
6.7,0.36,0.28,8.3,0.034,29,81,0.99151,2.96,0.39,12.5,6
6.6,0.18,0.28,1.7,0.041,53,161,0.99207,3.13,0.45,10.2,6
6.4,0.22,0.32,4.9,0.046,50,156,0.99316,3.38,0.55,11.2,6
8.8,0.39,0.35,1.8,0.096,22,80,0.99016,2.95,0.54,12.6,6
6.6,0.24,0.3,11.3,0.026,11,77,0.99381,3.13,0.55,12.8,7
7.7,0.46,0.18,3.3,0.054,18,143,0.99392,3.12,0.51,10.8,6
8.8,0.27,0.25,5,0.024,52,99,0.9925,2.87,0.49,11.4,5
5.8,0.18,0.28,1.3,0.034,9,94,0.99092,3.21,0.52,11.2,6
5.8,0.15,0.32,1.2,0.037,14,119,0.99137,3.19,0.5,10.2,6
5.6,0.32,0.33,7.4,0.037,25,95,0.99268,3.25,0.49,11.1,6
6,0.14,0.17,5.6,0.036,37,127,0.99373,3.05,0.57,9.8,6
8.9,0.3,0.35,4.6,0.032,32,148,0.99458,3.15,0.45,11.5,7
7.2,0.37,0.4,11.6,0.032,34,214,0.9963,3.1,0.51,9.8,6
6.1,0.3,0.3,2.1,0.031,50,163,0.9895,3.39,0.43,12.7,7
6.4,0.32,0.27,4.9,0.034,18,122,0.9916,3.36,0.71,12.5,6
7.1,0.17,0.4,14.55,0.047,47,156,0.99945,3.34,0.78,9.1,6
7.1,0.17,0.4,14.55,0.047,47,156,0.99945,3.34,0.78,9.1,6
7.1,0.18,0.39,15.25,0.047,45,158,0.99946,3.34,0.77,9.1,6
6.5,0.24,0.28,1.1,0.034,26,83,0.98928,3.25,0.33,12.3,6
6.9,0.24,0.23,7.1,0.041,20,97,0.99246,3.1,0.85,11.4,6
6.7,0.4,0.22,8.8,0.052,24,113,0.99576,3.22,0.45,9.4,5
6,0.16,0.22,1.6,0.042,36,106,0.9905,3.24,0.32,11.4,6
6.6,0.15,0.32,6,0.033,59,128,0.99192,3.19,0.71,12.1,8
6,0.17,0.29,9.7,0.044,33,98,0.99536,3.12,0.36,9.2,6
6.7,0.47,0.29,4.75,0.034,29,134,0.99056,3.29,0.46,13,7
6.6,0.21,0.29,5.35,0.029,43,106,0.99112,2.93,0.43,11.5,7
5.6,0.34,0.3,6.9,0.038,23,89,0.99266,3.25,0.49,11.1,6
5.8,0.54,0,1.4,0.033,40,107,0.98918,3.26,0.35,12.4,5
7.3,0.23,0.24,0.9,0.031,29,86,0.98926,2.9,0.38,12.2,6
6.8,0.17,0.34,2,0.04,38,111,0.99,3.24,0.45,12.9,6
6.2,0.3,0.31,1.6,0.035,40,106,0.98914,3.26,0.39,12.9,7
6.6,0.24,0.27,10.3,0.047,54,219,0.99742,3.04,0.45,8.8,5
7.6,0.22,0.28,12,0.056,68,143,0.9983,2.99,0.3,9.2,6
6.7,0.24,0.3,3.85,0.042,105,179,0.99189,3.04,0.59,11.3,8
6.8,0.19,0.4,9.85,0.055,41,103,0.99532,2.98,0.56,10.5,6
6.7,0.16,0.36,2,0.045,24,131,0.99284,3.3,0.59,10.5,6
6.5,0.3,0.27,4,0.038,37,97,0.99026,3.2,0.6,12.6,8
5.8,0.22,0.3,1.1,0.047,36,131,0.992,3.26,0.45,10.4,5
6.1,0.36,0.26,8.15,0.035,14,88,0.99031,3.06,0.27,13,7
7.5,0.21,0.32,4.8,0.056,39,113,0.99393,3.11,0.52,10.2,7
6.7,0.28,0.31,7.4,0.041,7,81,0.99254,3.04,0.47,11.4,8
7.6,0.31,0.24,1.8,0.037,39,150,0.9913,3.05,0.44,11.8,7
6,0.28,0.27,15.5,0.036,31,134,0.99408,3.19,0.44,13,7
6.7,0.24,0.36,8.4,0.042,42,123,0.99473,3.34,0.52,10.9,6
6,0.24,0.28,3.95,0.038,61,134,0.99146,3.3,0.54,11.3,7
6.1,0.33,0.3,3,0.036,30,124,0.98922,3.31,0.4,13.1,7
7.5,0.33,0.28,4.9,0.042,21,155,0.99385,3.36,0.57,10.9,6
6.4,0.26,0.25,10.7,0.046,66,179,0.99606,3.17,0.55,9.9,6
7,0.22,0.24,11,0.041,75,167,0.99508,2.98,0.56,10.5,6
6.5,0.19,0.28,1.4,0.046,22,90,0.99038,3.18,0.51,11.7,7
6.3,0.21,0.31,1.2,0.043,30,117,0.99158,3.49,0.68,11,6
7.9,0.35,0.28,12.9,0.032,13,63,0.9932,2.99,0.43,13,6
6.6,0.29,0.29,1.8,0.036,38,102,0.98819,3.08,0.42,13.7,7
8.9,0.27,0.28,0.8,0.024,29,128,0.98984,3.01,0.35,12.4,6
7.1,0.35,0.27,3.1,0.034,28,134,0.9897,3.26,0.38,13.1,7
6.4,0.28,0.44,7.1,0.048,49,179,0.99528,3.15,0.48,9.2,5
6.2,0.47,0.19,8.3,0.029,24,142,0.992,3.22,0.45,12.3,6
8.1,0.2,0.28,0.9,0.023,49,87,0.99062,2.92,0.36,11.1,6
7.6,0.37,0.34,3.2,0.028,42,162,0.9903,3.01,0.33,12.4,6
6.6,0.64,0.28,4.4,0.032,19,78,0.99036,3.11,0.62,12.9,6
7.8,0.15,0.34,1.1,0.035,31,93,0.99096,3.07,0.72,11.3,7
8,0.25,0.27,9.7,0.036,15,85,0.99406,2.99,0.36,11.2,6
5.9,0.655,0,5.6,0.033,8,31,0.9936,3.32,0.51,10.5,4
8.1,0.17,0.21,1.6,0.036,24,119,0.99396,3.18,0.52,10.1,6
7.5,0.3,0.21,6.55,0.026,33,143,0.99244,2.92,0.35,11.1,5
7.2,0.26,0.24,7,0.023,19,130,0.99176,3.14,0.49,12.8,7
6.3,0.32,0.32,1.5,0.037,12,76,0.98993,3.3,0.46,12.3,6
5.8,0.28,0.28,4.2,0.044,52,158,0.992,3.35,0.44,10.7,7
5.6,0.28,0.27,3.9,0.043,52,158,0.99202,3.35,0.44,10.7,7
5.6,0.28,0.28,4.2,0.044,52,158,0.992,3.35,0.44,10.7,7
7.2,0.16,0.29,1,0.031,40,123,0.98958,3.12,0.4,12.1,7
6.6,0.19,0.28,11.8,0.042,54,137,0.99492,3.18,0.37,10.8,6
7,0.32,0.27,7.1,0.027,37,122,0.99165,3.15,0.6,12.6,7
7.4,0.36,0.23,1.9,0.017,31,69,0.9892,2.93,0.36,12.5,6
6.7,0.35,0.48,8.8,0.056,35,167,0.99628,3.04,0.47,9.4,5
6.8,0.14,0.18,1.4,0.047,30,90,0.99164,3.27,0.54,11.2,6
7,0.16,0.25,14.3,0.044,27,149,0.998,2.91,0.46,9.2,6
7.2,0.24,0.3,1.2,0.037,11,95,0.98914,2.96,0.36,12.5,6
6.8,0.45,0.28,26.05,0.031,27,122,1.00295,3.06,0.42,10.6,6
6.3,0.2,0.26,4.7,0.04,108,168,0.99278,3.07,0.75,10.7,7
6.6,0.36,0.28,6.1,0.029,12,93,0.99054,3.19,0.27,12.8,7
6.4,0.29,0.32,2.4,0.014,34,89,0.99008,3.24,0.66,12.5,7
5.9,0.18,0.28,5.1,0.039,50,139,0.99165,3.16,0.44,11.3,6
7.3,0.31,0.25,6.65,0.032,30,138,0.99244,2.9,0.37,11.1,5
6.9,0.19,0.6,4,0.037,6,122,0.99255,2.92,0.59,10.4,4
6.3,0.32,0.17,17.75,0.06,51,190,0.99916,3.13,0.48,8.8,6
6.3,0.32,0.17,17.75,0.06,51,190,0.99916,3.13,0.48,8.8,6
7.1,0.28,0.28,8.5,0.03,25,191,0.99338,3.16,0.46,12.2,7
5.7,0.15,0.47,11.4,0.035,49,128,0.99456,3.03,0.34,10.5,8
5.4,0.53,0.16,2.7,0.036,34,128,0.98856,3.2,0.53,13.2,8
5,0.29,0.54,5.7,0.035,54,155,0.98976,3.27,0.34,12.9,8
5.3,0.3,0.3,1.2,0.029,25,93,0.98742,3.31,0.4,13.6,7
7.1,0.2,0.27,9.6,0.037,19,105,0.99444,3.04,0.37,10.5,7
7,0.22,0.26,9.2,0.027,37,122,0.99228,3.06,0.34,12.5,8
6.4,0.16,0.44,1.2,0.051,39,122,0.99058,3.11,0.75,11.3,7
6.8,0.15,0.41,12.9,0.044,79.5,183,0.99742,3.24,0.78,10.2,6
6.8,0.31,0.3,8,0.028,33,122,0.99164,3.13,0.63,12.6,7
7.1,0.21,0.35,2.5,0.04,41,186,0.99128,3.32,0.56,12.5,6
7,0.22,0.26,9.2,0.027,37,122,0.99228,3.06,0.34,12.5,8
6.8,0.31,0.3,8,0.028,33,122,0.99164,3.13,0.63,12.6,7
6.4,0.15,0.4,1.3,0.053,61,146,0.99112,3.17,0.68,11,6
6.4,0.16,0.44,1.2,0.051,39,122,0.99058,3.11,0.75,11.3,7
6.8,0.15,0.41,12.9,0.044,79.5,182,0.99742,3.24,0.78,10.2,6
7.6,0.3,0.37,1.6,0.087,27,177,0.99438,3.09,0.5,9.8,5
6.6,0.26,0.22,18.15,0.05,23,139,0.99904,3.06,0.5,9.2,5
7.5,0.24,0.31,13.1,0.05,26,180,0.99884,3.05,0.53,9.1,6
7.5,0.24,0.31,13.1,0.05,26,180,0.99884,3.05,0.53,9.1,6
7.5,0.24,0.31,13.1,0.05,26,180,0.99884,3.05,0.53,9.1,6
6.6,0.15,0.34,1,0.037,45,79,0.98949,2.96,0.5,11.7,6
6.5,0.35,0.38,7.4,0.036,20,196,0.99712,3.47,0.48,9.1,6
6.6,0.26,0.22,18.15,0.05,23,139,0.99904,3.06,0.5,9.2,5
7.7,0.3,0.23,2,0.068,28,138,0.99382,3.11,0.62,9.8,5
5.4,0.255,0.33,1.2,0.051,29,122,0.99048,3.37,0.66,11.3,6
7,0.34,0.26,10.3,0.041,51,166,0.99382,3.08,0.35,11.6,6
7.5,0.28,0.41,1.3,0.044,11,126,0.99293,3.28,0.45,10.3,5
7,0.15,0.28,14.7,0.051,29,149,0.99792,2.96,0.39,9,7
6.8,0.22,0.3,10.6,0.07,67,194,0.99654,2.89,0.42,9,6
6.3,0.28,0.29,6.8,0.051,40,143,0.99374,3.43,0.59,11,6
6.6,0.27,0.33,1.4,0.042,24,183,0.99215,3.29,0.46,10.7,5
5.5,0.17,0.23,2.9,0.039,10,108,0.99243,3.28,0.5,10,5
6.5,0.26,0.34,1.4,0.04,25,184,0.99216,3.29,0.46,10.7,5
7.4,0.2,0.35,6.1,0.025,10,40,0.99244,2.79,0.52,10.9,5
6.9,0.4,0.17,12.9,0.033,59,186,0.99754,3.08,0.49,9.4,5
5,0.61,0.12,1.3,0.009,65,100,0.9874,3.26,0.37,13.5,5
6.5,0.33,0.28,6.1,0.018,41,103,0.99122,3.24,0.32,12.2,6
6.9,0.33,0.31,7.7,0.04,29,135,0.99226,3.11,0.57,12.3,5
7.4,0.25,0.29,6.8,0.02,31,113,0.99338,3.13,0.29,10.8,6
7.6,0.27,0.3,9.2,0.018,23,96,0.9938,3.08,0.29,11,6
6.5,0.25,0.27,17.4,0.064,29,140,0.99776,3.2,0.49,10.1,6
6.4,0.27,0.45,8.3,0.05,52,196,0.9955,3.18,0.48,9.5,5
6.8,0.25,0.3,11.8,0.043,53,133,0.99524,3.03,0.58,10.4,6
5.5,0.24,0.45,1.7,0.046,22,113,0.99224,3.22,0.48,10,5
7,0.39,0.21,10.7,0.098,13,91,0.99657,3.03,0.47,9.3,5
7,0.3,0.28,2.2,0.042,21,177,0.99166,3.2,0.57,11.4,5
7.9,0.21,0.39,2,0.057,21,138,0.99176,3.05,0.52,10.9,5
7.2,0.17,0.34,6.4,0.042,16,111,0.99278,2.99,0.4,10.8,6
6.9,0.21,0.62,6.3,0.042,7,109,0.99358,2.96,0.59,10.2,6
7.2,0.17,0.34,6.4,0.042,16,111,0.99278,2.99,0.4,10.8,6
7.9,0.21,0.39,2,0.057,21,138,0.99176,3.05,0.52,10.9,5
6.3,0.43,0.32,8.8,0.042,18,106,0.99172,3.28,0.33,12.9,7
5.1,0.35,0.26,6.8,0.034,36,120,0.99188,3.38,0.4,11.5,6
7.1,0.44,0.23,5.8,0.035,24,100,0.99062,3.15,0.57,13.2,7
7,0.15,0.29,16.4,0.058,45,110,0.9978,3.15,0.37,9.7,6
8,0.27,0.33,1.2,0.05,41,103,0.99002,3,0.45,12.4,6
6.5,0.41,0.22,4.8,0.052,49,142,0.9946,3.14,0.62,9.2,5
6.7,0.37,0.25,2.5,0.028,24,84,0.9909,3.14,0.36,11.7,6
6.7,0.37,0.25,2.5,0.028,24,84,0.9909,3.14,0.36,11.7,6
6.7,0.24,0.32,9,0.023,20,109,0.99262,3.34,0.35,12.6,6
5.9,0.17,0.29,3.1,0.03,32,123,0.98913,3.41,0.33,13.7,7
5.9,0.2,0.23,1.5,0.037,38,93,0.99021,3.36,0.49,12,6
6.5,0.27,0.19,6.6,0.045,98,175,0.99364,3.16,0.34,10.1,6
8.4,0.23,0.32,1.3,0.048,59,113,0.99178,3.1,0.55,11,6
6.1,0.23,0.27,9.8,0.055,74,134,0.99534,3.16,0.4,10.2,6
7.3,0.36,0.54,13.3,0.054,63,193,0.99864,3.06,0.49,8.6,4
7.6,0.37,0.51,11.7,0.094,58,181,0.99776,2.91,0.51,9,5
6.8,0.73,0.2,6.6,0.054,25,65,0.99324,3.12,0.28,11.1,4
7.1,0.2,0.37,1.5,0.049,28,129,0.99226,3.15,0.52,10.8,5
6,0.28,0.24,17.8,0.047,42,111,0.99896,3.1,0.45,8.9,6
7.1,0.2,0.37,1.5,0.049,28,129,0.99226,3.15,0.52,10.8,5
7,0.34,0.1,3.5,0.044,17,63,0.9937,3.01,0.39,9.2,5
4.8,0.65,0.12,1.1,0.013,4,10,0.99246,3.32,0.36,13.5,4
6.5,0.33,0.3,3.8,0.036,34,88,0.99028,3.25,0.63,12.5,7
4.7,0.455,0.18,1.9,0.036,33,106,0.98746,3.21,0.83,14,7
7.4,0.25,0.37,2.6,0.05,24,132,0.99138,3.04,0.53,11.2,6
6.7,0.31,0.3,2.4,0.038,30,83,0.98867,3.09,0.36,12.8,7
8.6,0.22,0.33,1.2,0.031,38,95,0.99239,2.83,0.31,10.3,5
6.6,0.32,0.47,15.6,0.063,27,173,0.99872,3.18,0.56,9,5
6.2,0.3,0.28,1.6,0.036,28,106,0.988245,3.14,0.41,13.3,6
6.2,0.27,0.32,6.3,0.048,47,159,0.99282,3.21,0.6,11,6
6.9,0.4,0.37,8.9,0.053,36,148,0.996,3.16,0.5,9.3,5
7.2,0.23,0.39,1.5,0.053,26,106,0.99166,3.18,0.47,11.1,6
6.4,0.2,0.15,6.6,0.046,26,113,0.99408,2.99,0.58,9.9,6
6,0.3,0.33,2.1,0.042,31,127,0.98964,3.32,0.42,12.5,6
6.1,0.3,0.32,2.2,0.042,41,142,0.98952,3.31,0.44,12.7,7
6.3,0.33,0.2,17.9,0.066,36,161,0.9991,3.14,0.51,8.8,5
8.4,0.22,0.3,1.3,0.038,45,122,0.99178,3.13,0.54,10.8,7
5.4,0.24,0.18,2.3,0.05,22,145,0.99207,3.24,0.46,10.3,5
7.7,0.31,0.36,4.3,0.026,15,87,0.99152,3.11,0.48,12,5
7.3,0.38,0.23,6.5,0.05,18,102,0.99304,3.1,0.55,11.2,4
5.4,0.185,0.19,7.1,0.048,36,110,0.99438,3.26,0.41,9.5,6
6.4,0.17,0.3,2.8,0.034,33,125,0.99152,3.03,0.49,10.4,6
6.8,0.37,0.67,1.5,0.175,16,98,0.99244,3.06,0.56,10.3,6
6.9,0.27,0.25,7.5,0.03,18,117,0.99116,3.09,0.38,13,6
6.5,0.29,0.52,1.7,0.034,41,193,0.99223,3.25,0.59,10.4,6
6.1,0.22,0.25,12.1,0.035,54,135,0.99481,3.21,0.4,10.7,5
7,0.32,0.29,7.6,0.025,35,124,0.99162,3.15,0.65,12.8,7
6.8,0.11,0.27,8.6,0.044,45,104,0.99454,3.2,0.37,9.9,6
6.8,0.11,0.27,8.6,0.044,45,104,0.99454,3.2,0.37,9.9,6
6.7,0.28,0.34,8.9,0.048,32,111,0.99455,3.25,0.54,11,7
6.4,0.24,0.49,5.8,0.053,25,120,0.9942,3.01,0.98,10.5,6
6.4,0.24,0.49,5.8,0.053,25,120,0.9942,3.01,0.98,10.5,6
6.4,0.24,0.49,5.8,0.053,25,120,0.9942,3.01,0.98,10.5,6
6.4,0.25,0.57,1,0.062,21,122,0.99238,3,0.4,9.5,5
5.4,0.15,0.32,2.5,0.037,10,51,0.98878,3.04,0.58,12.6,6
6.5,0.46,0.24,11.5,0.051,56,171,0.99588,3.08,0.56,9.8,6
5.9,0.23,0.24,1.6,0.037,32,115,0.99076,3.21,0.51,11.4,6
6.2,0.32,0.12,4.8,0.054,6,97,0.99424,3.16,0.5,9.3,5
7.2,0.4,0.24,8.5,0.055,45,151,0.99626,3.2,0.52,9.2,5
7.6,0.19,0.37,13.1,0.033,52,151,0.99726,3.18,0.79,10.4,6
6.2,0.32,0.45,2.9,0.029,37,94,0.98998,3.25,0.6,12.4,6
7.6,0.19,0.37,13.1,0.033,52,151,0.99726,3.18,0.79,10.4,6
6.1,0.28,0.3,7.75,0.031,33,139,0.99296,3.22,0.46,11,6
6.9,0.19,0.38,1.15,0.023,30,105,0.99047,3.11,0.38,11.4,5
6.4,0.2,0.22,7.4,0.032,53,172,0.99404,3.24,0.58,11,6
7.3,0.34,0.22,1.4,0.044,43,176,0.99286,3.14,0.46,9.9,5
6.4,0.29,0.57,1,0.06,15,120,0.9924,3.06,0.41,9.5,5
6.1,1.1,0.16,4.4,0.033,8,109,0.99058,3.35,0.47,12.4,4
6.3,0.24,0.29,1.6,0.052,48,185,0.9934,3.21,0.5,9.4,5
6.2,0.24,0.22,7.9,0.053,45,149,0.99545,3.23,0.52,9.3,5
7.4,0.16,0.27,15.5,0.05,25,135,0.9984,2.9,0.43,8.7,7
6.9,0.19,0.35,13.5,0.038,49,118,0.99546,3,0.63,10.7,6
6.9,0.19,0.35,13.5,0.038,49,118,0.99546,3,0.63,10.7,6
7.4,0.16,0.27,15.5,0.05,25,135,0.9984,2.9,0.43,8.7,7
7.4,0.16,0.27,15.5,0.05,25,135,0.9984,2.9,0.43,8.7,7
6.8,0.3,0.27,11.6,0.028,22,97,0.99314,2.96,0.38,11.7,6
6.5,0.43,0.18,13.15,0.032,25,131,0.99565,3.23,0.51,10.7,5
6.8,0.16,0.36,1.3,0.034,32,98,0.99058,3.02,0.58,11.3,6
6.1,0.17,0.21,1.9,0.09,44,130,0.99255,3.07,0.41,9.7,5
5.5,0.28,0.21,1.6,0.032,23,85,0.99027,3.42,0.42,12.5,5
6.6,0.5,0.26,11.3,0.029,32,110,0.99302,3.27,0.78,12.9,8
7.1,0.44,0.27,8.4,0.057,60,160,0.99257,3.16,0.36,11.8,6
7.5,0.16,0.38,12.7,0.043,70.5,163,0.99706,3.15,0.82,10.4,7
5.7,0.25,0.21,1.5,0.044,21,108,0.99142,3.3,0.59,11,6
5.8,0.23,0.21,1.5,0.044,21,110,0.99138,3.3,0.57,11,6
5.4,0.265,0.28,7.8,0.052,27,91,0.99432,3.19,0.38,10.4,6
7.4,0.26,0.29,3.7,0.048,14,73,0.9915,3.06,0.45,11.4,6
6.6,0.41,0.27,10.7,0.11,20,103,0.99672,3.08,0.41,9,6
6.4,0.25,0.28,4.9,0.03,29,98,0.99024,3.09,0.58,12.8,7
6.6,0.41,0.27,10.7,0.11,20,103,0.99672,3.08,0.41,9,6
6.4,0.14,0.28,7.9,0.057,21,82,0.99425,3.26,0.36,10,6
6.4,0.5,0.2,2.4,0.059,19,112,0.99314,3.18,0.4,9.2,6
5.3,0.23,0.56,0.9,0.041,46,141,0.99119,3.16,0.62,9.7,5
5.5,0.21,0.25,1.2,0.04,18,75,0.99006,3.31,0.56,11.3,6
6,0.2,0.25,2,0.041,30,95,0.99078,3.27,0.56,11.1,6
7.5,0.21,0.29,1.5,0.046,35,107,0.99123,3.15,0.45,11.3,6
7.3,0.26,0.32,1.2,0.041,29,94,0.98978,3.07,0.45,12,6
7.4,0.28,0.5,12.1,0.049,48,122,0.9973,3.01,0.44,9,5
6.3,0.18,0.22,5.6,0.047,45,147,0.99383,3.09,0.54,10,5
6.8,0.27,0.28,7.8,0.038,26,89,0.9915,3.24,0.34,12.5,6
6.6,0.23,0.32,1.5,0.041,8,72,0.98949,3.22,0.39,12.7,6
6.8,0.28,0.29,11.9,0.052,51,149,0.99544,3.02,0.58,10.4,6
6.8,0.28,0.29,11.9,0.052,51,149,0.99544,3.02,0.58,10.4,6
5.9,0.27,0.27,9,0.051,43,136,0.9941,3.25,0.53,10.7,6
6.1,0.25,0.28,10,0.055,56,131,0.994,3.22,0.35,10.9,6
7.1,0.13,0.29,15.5,0.064,56,115.5,0.99737,3.16,0.41,9.7,7
5.8,0.24,0.28,1.4,0.038,40,76,0.98711,3.1,0.29,13.9,7
7.6,0.48,0.31,9.4,0.046,6,194,0.99714,3.07,0.61,9.4,5
6.2,0.32,0.5,6.5,0.048,61,186,0.9948,3.19,0.45,9.6,5
7.4,0.16,0.3,13.7,0.056,33,168,0.99825,2.9,0.44,8.7,7
7.4,0.16,0.3,13.7,0.056,33,168,0.99825,2.9,0.44,8.7,7
7.2,0.26,0.38,1.5,0.061,12,120,0.99192,3.18,0.46,10.4,5
7.4,0.16,0.3,13.7,0.056,33,168,0.99825,2.9,0.44,8.7,7
6.2,0.3,0.3,2.5,0.041,29,82,0.99065,3.31,0.61,11.8,7
5.3,0.33,0.3,1.2,0.048,25,119,0.99045,3.32,0.62,11.3,6
7.8,0.27,0.35,1.2,0.05,36,140,0.99138,3.09,0.45,11.2,5
6.3,0.3,0.48,7.4,0.053,34,149,0.99472,3.18,0.53,9.8,5
5.9,0.32,0.2,14.4,0.05,29,144,0.99666,3.24,0.41,10.3,6
7.1,0.38,0.42,11.8,0.041,32,193,0.99624,3.04,0.49,10,6
6.3,0.28,0.34,8.1,0.038,44,129,0.99248,3.26,0.29,12.1,6
5.2,0.2,0.27,3.2,0.047,16,93,0.99235,3.44,0.53,10.1,7
6.3,0.26,0.25,5.2,0.046,11,133,0.99202,2.97,0.68,11,6
6,0.22,0.23,5,0.045,10,122,0.99261,2.94,0.63,10,6
7.5,0.35,0.37,2.5,0.066,29,89,0.98964,3.14,0.42,12.7,6
6.3,0.23,0.33,6.9,0.052,23,118,0.9938,3.23,0.46,10.4,6
6.3,0.22,0.3,2,0.05,23,120,0.99204,3.24,0.47,10.4,6
6.4,0.29,0.18,15,0.04,21,116,0.99736,3.14,0.5,9.2,5
5.7,0.28,0.36,1.8,0.041,38,90,0.99002,3.27,0.98,11.9,7
6.8,0.26,0.26,2,0.019,23.5,72,0.99041,3.16,0.47,11.8,6
5.7,0.18,0.26,2.2,0.023,21,95,0.9893,3.07,0.54,12.3,6
5.5,0.23,0.19,2.2,0.044,39,161,0.99209,3.19,0.43,10.4,6
5.3,0.47,0.1,1.3,0.036,11,74,0.99082,3.48,0.54,11.2,4
5.8,0.32,0.23,1.5,0.033,39,121,0.9887,2.96,0.35,12,5
6.2,0.36,0.22,5.25,0.038,44,145,0.99184,3.22,0.4,11.2,6
6,0.31,0.27,2.3,0.042,19,120,0.98952,3.32,0.41,12.7,7
6.9,0.42,0.2,15.4,0.043,57,201,0.99848,3.08,0.54,9.4,5
5.7,0.22,0.2,16,0.044,41,113,0.99862,3.22,0.46,8.9,6
5.7,0.22,0.2,16,0.044,41,113,0.99862,3.22,0.46,8.9,6
6,0.2,0.26,6.8,0.049,22,93,0.9928,3.15,0.42,11,6
7,0.2,0.33,4.7,0.03,25,76,0.99202,2.88,0.54,10.5,6
6.6,0.26,0.27,11.8,0.048,28,112,0.99606,2.87,0.49,9.7,6
5.7,0.26,0.24,17.8,0.059,23,124,0.99773,3.3,0.5,10.1,5
7.2,0.21,0.36,15.7,0.045,68,183,0.99922,3.25,0.76,9.4,5
7.2,0.21,0.36,15.7,0.045,68,183,0.99922,3.25,0.76,9.4,5
6.9,0.22,0.32,5.8,0.041,20,119,0.99296,3.17,0.55,11.2,6
5.6,0.26,0,10.2,0.038,13,111,0.99315,3.44,0.46,12.4,6
6.3,0.28,0.3,6.6,0.208,60,154,0.99478,3.1,0.4,9.4,6
7.2,0.34,0.23,8.9,0.105,22,155,0.99692,3.01,0.58,9.5,5
6.9,0.26,0.29,4.2,0.043,33,114,0.9902,3.16,0.31,12.5,6
5.9,0.25,0.24,7.4,0.044,21,113,0.99462,3.38,0.58,10.5,6
6.2,0.26,0.29,2,0.036,16,87,0.99081,3.33,0.61,11.8,6
7.1,0.23,0.28,1.9,0.046,33,103,0.98997,3.12,0.31,12,5
6.9,0.26,0.29,4.2,0.043,33,114,0.9902,3.16,0.31,12.5,6
6.3,0.41,0.22,7.3,0.035,23,117,0.99172,3.2,0.39,11.94,7
6.7,0.41,0.24,5.4,0.035,33,115,0.9901,3.12,0.44,12.8933333333333,7
6.7,0.41,0.24,5.4,0.035,33,115,0.9901,3.12,0.44,12.8933333333333,7
7.4,0.16,0.33,1.2,0.042,47,121,0.99198,3.04,0.68,10.5,7
6.4,0.24,0.26,8.2,0.054,47,182,0.99538,3.12,0.5,9.5,5
6.4,0.24,0.26,8.2,0.054,47,182,0.99538,3.12,0.5,9.5,5
6.4,0.24,0.26,8.2,0.054,47,182,0.99538,3.12,0.5,9.5,5
7.3,0.19,0.27,13.9,0.057,45,155,0.99807,2.94,0.41,8.8,8
7.3,0.19,0.27,13.9,0.057,45,155,0.99807,2.94,0.41,8.8,8
6.8,0.24,0.29,2,0.044,15,96,0.99232,3.23,0.64,10.4,8
5.7,0.28,0.35,1.2,0.052,39,141,0.99108,3.44,0.69,11.3,6
5.8,0.22,0.25,1.5,0.024,21,109,0.99234,3.37,0.58,10.4,6
7.1,0.2,0.35,3.2,0.034,21,107,0.99195,3.11,0.54,11.1,6
7.3,0.28,0.35,1.6,0.054,31,148,0.99178,3.18,0.47,10.7,5
7.4,0.16,0.3,1.4,0.064,34,166,0.99136,3.11,0.42,11.4333333333333,6
6.4,0.31,0.27,7.4,0.049,48,169,0.99323,3.27,0.45,11.1,6
6.2,0.29,0.29,5.6,0.046,35,178,0.99313,3.25,0.51,10.5333333333333,5
5.9,0.28,0.34,3.6,0.04,50,194,0.9912,3.31,0.52,11.6,6
7.2,0.34,0.2,5.8,0.062,52,203,0.99461,3.17,0.44,9.8,6
7.3,0.28,0.35,1.6,0.054,31,148,0.99178,3.18,0.47,10.7,5
6.2,0.24,0.27,2.9,0.039,30,123,0.98959,3.12,0.37,12.8,6
7.1,0.31,0.25,11.2,0.048,32,136,0.99663,3.14,0.4,9.5,5
5.9,0.29,0.28,3.2,0.035,16,117,0.98959,3.26,0.42,12.6,6
6.5,0.22,0.19,4.5,0.096,16,115,0.9937,3.02,0.44,9.6,5
7,0.23,0.28,2.7,0.053,16,92,0.99372,3.18,0.56,9.3,5
7.1,0.23,0.23,3.5,0.038,23,112,0.99157,3.05,0.37,11.3666666666667,6
6.1,0.26,0.28,1.7,0.043,24,98,0.98918,3.14,0.44,12.5,6
6.1,0.34,0.21,5,0.042,17,133,0.99373,3.02,0.53,9.4,5
6.5,0.13,0.27,2.6,0.035,32,76,0.9914,3.21,0.76,11.3333333333333,6
6.3,0.28,0.22,9.5,0.04,30,111,0.99338,3.05,0.31,10.8,4
7.3,0.22,0.37,15.5,0.048,70,203,0.99899,3.25,0.77,9.4,5
6.2,0.25,0.44,15.8,0.057,39,167,0.99804,3.14,0.51,9.2,5
6.4,0.18,0.28,17.05,0.047,53,139,0.99724,3.25,0.35,10.5,6
6.3,0.2,0.26,12.7,0.046,60,143,0.99526,3.26,0.35,10.8,6
7.4,0.27,0.26,11.8,0.053,55,173,0.99699,3.11,0.6,9.8,5
5.2,0.22,0.46,6.2,0.066,41,187,0.99362,3.19,0.42,9.73333333333333,5
5.9,0.29,0.16,7.9,0.044,48,197,0.99512,3.21,0.36,9.4,5
6.3,0.29,0.29,3.3,0.037,32,140,0.9895,3.17,0.36,12.8,7
7.1,0.27,0.27,10.4,0.041,26,114,0.99335,3.04,0.52,11.5,7
6.3,0.305,0.22,16,0.061,26,141,0.99824,3.08,0.5,9.1,5
6.6,0.22,0.23,17.3,0.047,37,118,0.99906,3.08,0.46,8.8,6
6.6,0.22,0.23,17.3,0.047,37,118,0.99906,3.08,0.46,8.8,6
6.6,0.22,0.23,17.3,0.047,37,118,0.99906,3.08,0.46,8.8,6
6.2,0.22,0.28,2.2,0.04,24,125,0.9917,3.19,0.48,10.5,6
6.2,0.22,0.28,2.2,0.04,24,125,0.9917,3.19,0.48,10.5,6
6.6,0.22,0.23,17.3,0.047,37,118,0.99906,3.08,0.46,8.8,6
6.1,0.22,0.5,6.6,0.045,30,122,0.99415,3.22,0.49,9.9,6
6.3,0.32,0.26,12.3,0.044,24,205,0.99611,3.11,0.58,9.9,5
6.9,0.44,0.27,5,0.038,33,166,0.99124,3.2,0.42,12.2,6
6.6,0.38,0.28,2.8,0.043,17,67,0.98924,3.21,0.47,13.2,6
6.9,0.56,0.26,10.9,0.06,55,193,0.9969,3.21,0.44,9.4,5
6.5,0.29,0.3,9.15,0.051,25,166,0.99339,3.24,0.56,11.35,6
7.2,0.47,0.16,5.9,0.048,14,125,0.99428,3.09,0.49,9.8,5
6.7,0.34,0.31,16.4,0.051,20,146,0.99834,3.06,0.54,9.1,5
7.2,0.47,0.16,5.9,0.048,14,125,0.99428,3.09,0.49,9.8,5
5,0.35,0.25,7.8,0.031,24,116,0.99241,3.39,0.4,11.3,6
6.3,0.3,0.19,7.7,0.049,47,184,0.99514,3.22,0.48,9.5,5
7.1,0.42,0.2,2.8,0.038,28,109,0.98968,3.23,0.47,13.4,6
6.6,0.26,0.56,15.4,0.053,32,141,0.9981,3.11,0.49,9.3,5
6,0.2,0.38,1.3,0.034,37,104,0.98865,3.11,0.52,12.7,6
6.4,0.32,0.26,7.9,0.05,53,180,0.99514,3.14,0.5,9.6,5
5.9,0.22,0.45,22.6,0.12,55,122,0.99636,3.1,0.35,12.8,5
6.7,0.31,0.33,2,0.033,12,74,0.99064,3.29,0.65,12.5,6
6.4,0.15,0.25,7.8,0.05,13,68,0.99394,3.16,0.4,9.9,6
6.7,0.48,0.49,2.9,0.03,28,122,0.98926,3.13,0.4,13,6
5.8,0.3,0.33,3.5,0.033,25,116,0.99057,3.2,0.44,11.7,6
6.1,0.28,0.23,4.2,0.038,13,95,0.98898,2.97,0.7,13.1,6
6,0.19,0.37,9.7,0.032,17,50,0.9932,3.08,0.66,12,6
6.8,0.31,0.25,10.5,0.043,30,165,0.9972,3.36,0.55,10.55,6
5.8,0.61,0.01,8.4,0.041,31,104,0.9909,3.26,0.72,14.05,7
6.4,0.28,0.23,6,0.051,50,162,0.994,3.15,0.52,10.2,5
6.1,0.27,0.32,1.1,0.034,24,110,0.9898,3.36,0.4,12.5,6
6.8,0.4,0.29,2.8,0.044,27,97,0.9904,3.12,0.42,11.2,6
6.8,0.17,0.17,5.1,0.049,26,82,0.993,3,0.38,9.8,6
6.6,0.16,0.25,9.8,0.049,59.5,137,0.995,3.16,0.38,10,6
5.8,0.27,0.22,12.7,0.058,42,206,0.9946,3.32,0.38,12.3,6
6.4,0.37,0.19,3.5,0.068,18,101,0.9934,3.03,0.38,9,6
7.3,0.26,0.53,12.7,0.047,60.5,164.5,0.9984,3.06,0.45,9.1,6
7.3,0.28,0.54,12.9,0.049,62,152,0.9984,3.06,0.45,9.1,6
6.9,0.28,0.37,9.1,0.037,16,76,0.9948,3.05,0.54,11.1,5
6.8,0.23,0.33,1.9,0.047,20,101,0.9914,3.1,0.46,11.1,6
7,0.23,0.32,1.8,0.048,25,113,0.9915,3.11,0.47,11.1,6
6,0.23,0.34,1.3,0.025,23,111,0.98961,3.36,0.37,12.7,6
5.4,0.27,0.22,4.6,0.022,29,107,0.98889,3.33,0.54,13.8,6
5.6,0.18,0.3,10.2,0.028,28,131,0.9954,3.49,0.42,10.8,7
5.8,0.29,0.15,1.1,0.029,12,83,0.9898,3.3,0.4,11.4,6
6.8,0.32,0.23,3.3,0.026,31,99,0.9896,3.1,0.4,12.4,6
5.9,0.3,0.29,1.1,0.036,23,56,0.9904,3.19,0.38,11.3,5
6.3,0.15,0.34,11.4,0.05,25,96,0.99754,3.21,0.49,10,6
4.8,0.13,0.32,1.2,0.042,40,98,0.9898,3.42,0.64,11.8,7
6,0.2,0.26,14.7,0.045,53,125,0.998365,2.99,0.69,9.4,6
5.7,0.2,0.24,13.8,0.047,44,112,0.99837,2.97,0.66,8.8,6
5.9,0.34,0.25,2,0.042,12,110,0.99034,3.02,0.54,11.4,6
6.4,0.3,0.33,5.2,0.05,30,137,0.99304,3.26,0.58,11.1,5
5.4,0.29,0.38,1.2,0.029,31,132,0.98895,3.28,0.36,12.4,6
6.7,0.45,0.3,5.3,0.036,27,165,0.99122,3.12,0.46,12.2,6
6.5,0.36,0.31,13.55,0.053,20,113,0.99544,3.2,0.56,11,6
6.4,0.17,0.34,13.4,0.044,45,139,0.99752,3.06,0.43,9.1,6
5,0.33,0.18,4.6,0.032,40,124,0.99114,3.18,0.4,11,6
6.8,0.38,0.29,9.9,0.037,40,146,0.99326,3.11,0.37,11.5,6
6.5,0.29,0.32,3,0.036,38,93,0.9906,3.16,0.59,12,6
6.6,0.28,0.3,12.9,0.033,31,177,0.99479,3.12,0.39,11.2,6
6,0.615,0.04,0.8,0.032,8,50,0.99036,3.14,0.4,11,4
5.9,0.44,0.36,2.5,0.03,12,73,0.99201,3.22,0.48,10.8,6
5.8,0.34,0.21,7.2,0.041,48,146,0.99441,3.16,0.49,9.8,5
6.1,0.44,0.28,4.25,0.032,43,132,0.9916,3.26,0.47,11.3,7
6.5,0.5,0.22,4.1,0.036,35,131,0.9902,3.26,0.55,13,7
6.5,0.51,0.25,1.7,0.048,39,177,0.99212,3.28,0.57,10.6,5
6,0.29,0.41,10.8,0.048,55,149,0.9937,3.09,0.59,10.9666666666667,7
6.6,0.25,0.25,1.3,0.04,28,85,0.98984,2.87,0.48,11.2,6
7.3,0.17,0.36,8.2,0.028,44,111,0.99272,3.14,0.41,12.4,6
7.3,0.17,0.36,8.2,0.028,44,111,0.99272,3.14,0.41,12.4,6
6.1,0.16,0.34,6.1,0.034,31,114,0.99365,3.32,0.58,10.15,7
6.6,0.285,0.49,11.4,0.035,57,137,0.99732,3.08,0.54,8.9,6
4.9,0.335,0.14,1.3,0.036,69,168,0.99212,3.47,0.46,10.4666666666667,5
5.7,0.21,0.37,4.5,0.04,58,140,0.99332,3.29,0.62,10.6,6
4.7,0.335,0.14,1.3,0.036,69,168,0.99212,3.47,0.46,10.5,5
6.8,0.63,0.04,1.3,0.058,25,133,0.99271,3.17,0.39,10.2,4
5.6,0.27,0.37,0.9,0.025,11,49,0.98845,3.29,0.33,13.1,6
6.5,0.33,0.32,1,0.041,39,120,0.99004,3.06,0.37,12.2,6
6.7,0.16,0.32,12.5,0.035,18,156,0.99666,2.88,0.36,9,6
6.7,0.16,0.32,12.5,0.035,18,156,0.99666,2.88,0.36,9,6
6.9,0.19,0.31,19.25,0.043,38,167,0.99954,2.93,0.52,9.1,7
6.4,0.69,0.09,7.6,0.044,34,144,0.9948,3.26,0.38,10.1,6
6.3,0.36,0.5,8.3,0.053,51,202,0.9955,3.2,0.51,9.6,6
5.9,0.21,0.31,1.8,0.033,45,142,0.98984,3.35,0.5,12.7,6
5.4,0.205,0.16,12.55,0.051,31,115,0.99564,3.4,0.38,10.8,6
6.1,0.22,0.4,1.85,0.031,25,111,0.98966,3.03,0.3,11.8,7
6.7,0.15,0.32,7.9,0.034,17,81,0.99512,3.29,0.31,10,6
6.1,0.32,0.33,10.7,0.036,27,98,0.99521,3.34,0.52,10.2,6
6,0.25,0.28,7.7,0.053,37,132,0.99489,3.06,0.5,9.4,6
7.9,0.3,0.6,1.85,0.048,13,106,0.99331,3.24,0.49,11.85,5
5.3,0.31,0.38,10.5,0.031,53,140,0.99321,3.34,0.46,11.7,6
5.5,0.3,0.25,1.9,0.029,33,118,0.98972,3.36,0.66,12.5,6
6,0.32,0.46,1.5,0.05,56,189,0.99308,3.24,0.49,9.6,5
5,0.24,0.19,5,0.043,17,101,0.99438,3.67,0.57,10,5
6,0.14,0.37,1.2,0.032,63,148,0.99185,3.32,0.44,11.2,5
5.2,0.3,0.34,1.5,0.038,18,96,0.98942,3.56,0.48,13,8
6.6,0.19,0.25,1.2,0.052,34,181,0.99352,3.3,0.42,9.4,7
6.8,0.27,0.3,13,0.047,69,160,0.99705,3.16,0.5,9.6,6
6.8,0.27,0.3,13,0.047,69,160,0.99705,3.16,0.5,9.6,6
6.8,0.27,0.3,13,0.047,69,160,0.99705,3.16,0.5,9.6,6
6.4,0.28,0.45,8.6,0.057,47,223,0.99654,3.16,0.51,9.1,5
5.2,0.21,0.31,1.7,0.048,17,61,0.98953,3.24,0.37,12,7
5.6,0.3,0.1,6.4,0.043,34,142,0.99382,3.14,0.48,9.8,5
6.7,0.3,0.5,12.1,0.045,38,127,0.9974,3.04,0.53,8.9,6
6.9,0.25,0.29,2.4,0.038,28,76,0.99088,3.01,0.36,11.7,7
5.5,0.62,0.33,1.7,0.037,24,118,0.98758,3.15,0.39,13.55,6
6,0.31,0.32,7.4,0.175,47,159,0.9952,3.19,0.5,9.4,6
5.7,0.33,0.32,1.4,0.043,28,93,0.9897,3.31,0.5,12.3,6
5.9,0.32,0.19,14.5,0.042,37,115,0.99684,3.16,0.43,10.3,5
6.2,0.26,0.2,8,0.047,35,111,0.99445,3.11,0.42,10.4,6
6,0.17,0.3,7.3,0.039,39,104,0.99252,2.91,0.57,11,6
7.3,0.35,0.67,8.3,0.053,10,100,0.9959,3.19,0.5,10.9,5
6,0.26,0.24,1.3,0.053,66,150,0.9924,3.21,0.62,10.4,6
5.8,0.385,0.25,3.7,0.031,38,122,0.99128,3.2,0.63,11.2,6
5.8,0.36,0.5,1,0.127,63,178,0.99212,3.1,0.45,9.7,5
7,0.24,0.47,1.3,0.043,18,131,0.99176,3.19,0.45,11,6
6.8,0.23,0.48,1.5,0.036,35,165,0.99162,3.18,0.45,11.3,6
6,0.34,0.29,6.1,0.046,29,134,0.99462,3.48,0.57,10.7,6
5.8,0.38,0.26,1.1,0.058,20,140,0.99271,3.27,0.43,9.7,6
5.9,0.32,0.26,1.5,0.057,17,141,0.9917,3.24,0.36,10.7,5
6.5,0.28,0.38,7.8,0.031,54,216,0.99154,3.03,0.42,13.1,6
5.3,0.275,0.24,7.4,0.038,28,114,0.99313,3.38,0.51,11,6
5.2,0.405,0.15,1.45,0.038,10,44,0.99125,3.52,0.4,11.6,4
6.8,0.34,0.36,8.9,0.029,44,128,0.99318,3.28,0.35,11.95,7
6.2,0.28,0.57,1,0.043,50,92,0.99004,3.17,0.36,11.5,6
5.6,0.34,0.25,2.5,0.046,47,182,0.99093,3.21,0.4,11.3,5
5.1,0.3,0.3,2.3,0.048,40,150,0.98944,3.29,0.46,12.2,6
7.5,0.38,0.33,9.2,0.043,19,116,0.99444,3.08,0.42,11.4,6
6.4,0.35,0.51,7.8,0.055,53,177,0.99502,3.12,0.45,9.6,5
5.9,0.22,0.3,1.3,0.052,42,86,0.99069,3.31,0.47,11.55,6
5.7,0.41,0.21,1.9,0.048,30,112,0.99138,3.29,0.55,11.2,6
5,0.2,0.4,1.9,0.015,20,98,0.9897,3.37,0.55,12.05,6
7.4,0.22,0.26,1.2,0.035,18,97,0.99245,3.12,0.41,9.7,6
5,0.235,0.27,11.75,0.03,34,118,0.9954,3.07,0.5,9.4,6
6.5,0.33,0.38,8.3,0.048,68,174,0.99492,3.14,0.5,9.6,5
6.6,0.34,0.4,8.1,0.046,68,170,0.99494,3.15,0.5,9.55,6
6.2,0.41,0.22,1.9,0.023,5,56,0.98928,3.04,0.79,13,7
6.1,0.34,0.29,2.2,0.036,25,100,0.98938,3.06,0.44,11.8,6
5.7,0.21,0.32,0.9,0.038,38,121,0.99074,3.24,0.46,10.6,6
6.5,0.23,0.38,1.3,0.032,29,112,0.99298,3.29,0.54,9.7,5
